CREATE DATABASE  IF NOT EXISTS `smb` /*!40100 DEFAULT CHARACTER SET utf8 */;
USE `smb`;
-- MySQL dump 10.13  Distrib 5.6.13, for Win32 (x86)
--
-- Host: 192.168.145.128    Database: smb
-- ------------------------------------------------------
-- Server version	5.6.16

/*!40101 SET @OLD_CHARACTER_SET_CLIENT=@@CHARACTER_SET_CLIENT */;
/*!40101 SET @OLD_CHARACTER_SET_RESULTS=@@CHARACTER_SET_RESULTS */;
/*!40101 SET @OLD_COLLATION_CONNECTION=@@COLLATION_CONNECTION */;
/*!40101 SET NAMES utf8 */;
/*!40103 SET @OLD_TIME_ZONE=@@TIME_ZONE */;
/*!40103 SET TIME_ZONE='+00:00' */;
/*!40014 SET @OLD_UNIQUE_CHECKS=@@UNIQUE_CHECKS, UNIQUE_CHECKS=0 */;
/*!40014 SET @OLD_FOREIGN_KEY_CHECKS=@@FOREIGN_KEY_CHECKS, FOREIGN_KEY_CHECKS=0 */;
/*!40101 SET @OLD_SQL_MODE=@@SQL_MODE, SQL_MODE='NO_AUTO_VALUE_ON_ZERO' */;
/*!40111 SET @OLD_SQL_NOTES=@@SQL_NOTES, SQL_NOTES=0 */;

--
-- Table structure for table `address`
--

DROP TABLE IF EXISTS `address`;
/*!40101 SET @saved_cs_client     = @@character_set_client */;
/*!40101 SET character_set_client = utf8 */;
CREATE TABLE `address` (
  `address_id` int(11) NOT NULL,
  `address_city_id` int(11) NOT NULL,
  `address_desc_1` text NOT NULL,
  `address_desc_2` text NOT NULL,
  `address_phone` varchar(45) NOT NULL,
  `address_time_stamp` datetime NOT NULL,
  PRIMARY KEY (`address_id`),
  KEY `address_city_id_idx` (`address_city_id`),
  CONSTRAINT `address_city_id` FOREIGN KEY (`address_city_id`) REFERENCES `city` (`city_id`) ON UPDATE CASCADE
) ENGINE=InnoDB DEFAULT CHARSET=utf8;
/*!40101 SET character_set_client = @saved_cs_client */;

--
-- Dumping data for table `address`
--

LOCK TABLES `address` WRITE;
/*!40000 ALTER TABLE `address` DISABLE KEYS */;
/*!40000 ALTER TABLE `address` ENABLE KEYS */;
UNLOCK TABLES;

--
-- Table structure for table `area`
--

DROP TABLE IF EXISTS `area`;
/*!40101 SET @saved_cs_client     = @@character_set_client */;
/*!40101 SET character_set_client = utf8 */;
CREATE TABLE `area` (
  `area_id` int(11) NOT NULL AUTO_INCREMENT,
  `area_name` varchar(64) NOT NULL,
  `area_time_stamp` datetime NOT NULL,
  PRIMARY KEY (`area_id`)
) ENGINE=InnoDB AUTO_INCREMENT=6 DEFAULT CHARSET=utf8;
/*!40101 SET character_set_client = @saved_cs_client */;

--
-- Dumping data for table `area`
--

LOCK TABLES `area` WRITE;
/*!40000 ALTER TABLE `area` DISABLE KEYS */;
INSERT INTO `area` VALUES (1,'Beirut','2014-02-01 09:33:10'),(2,'Bekaa','2014-02-01 09:33:10'),(3,'Mount Lebanon','2014-02-01 09:33:10'),(4,'North Lebanon','2014-02-01 09:33:10'),(5,'South Lebanon','2014-02-01 09:33:10');
/*!40000 ALTER TABLE `area` ENABLE KEYS */;
UNLOCK TABLES;

--
-- Table structure for table `blood_group`
--

DROP TABLE IF EXISTS `blood_group`;
/*!40101 SET @saved_cs_client     = @@character_set_client */;
/*!40101 SET character_set_client = utf8 */;
CREATE TABLE `blood_group` (
  `blood_group_id` int(11) NOT NULL AUTO_INCREMENT,
  `blood_group_name` varchar(45) NOT NULL,
  `blood_group_can_give_to` varchar(45) NOT NULL,
  `blood_group_can_take_from` varchar(45) NOT NULL,
  `blood_group_time_stamp` datetime NOT NULL,
  PRIMARY KEY (`blood_group_id`)
) ENGINE=InnoDB AUTO_INCREMENT=9 DEFAULT CHARSET=utf8;
/*!40101 SET character_set_client = @saved_cs_client */;

--
-- Dumping data for table `blood_group`
--

LOCK TABLES `blood_group` WRITE;
/*!40000 ALTER TABLE `blood_group` DISABLE KEYS */;
INSERT INTO `blood_group` VALUES (1,'O-','O-, O+, A-, A+, B-, B+, AB-, AB+','O-','2014-02-26 11:25:41'),(2,'O+','O+, A+, B+, AB+','O-, O+','2014-02-26 11:26:34'),(3,'A+','A+, AB+','O-, O+, A-, A+','2014-02-26 11:35:43'),(4,'A-','A-','O-, A-','2014-02-26 11:34:05'),(5,'B-','B-, B+, AB-, AB+','O-, B-','2014-02-26 11:36:23'),(6,'B+','B+, AB+','O-, O+, B-, B+','2014-02-26 11:39:57'),(7,'AB-','AB-, AB+','O-, A-, B-, AB-','2014-02-26 11:40:00'),(8,'AB+','AB+','O-, O+, A-, A+, B-, B+, AB-, AB+','2014-02-26 11:43:32');
/*!40000 ALTER TABLE `blood_group` ENABLE KEYS */;
UNLOCK TABLES;

--
-- Table structure for table `city`
--

DROP TABLE IF EXISTS `city`;
/*!40101 SET @saved_cs_client     = @@character_set_client */;
/*!40101 SET character_set_client = utf8 */;
CREATE TABLE `city` (
  `city_id` int(11) NOT NULL AUTO_INCREMENT,
  `city_name` varchar(64) NOT NULL,
  `city_distrct_id` int(11) NOT NULL,
  `city_time_stamp` datetime NOT NULL,
  PRIMARY KEY (`city_id`),
  KEY `district_id_idx` (`city_distrct_id`),
  CONSTRAINT `city_district_id` FOREIGN KEY (`city_distrct_id`) REFERENCES `district` (`district_id`) ON UPDATE CASCADE
) ENGINE=InnoDB AUTO_INCREMENT=1105 DEFAULT CHARSET=utf8;
/*!40101 SET character_set_client = @saved_cs_client */;

--
-- Dumping data for table `city`
--

LOCK TABLES `city` WRITE;
/*!40000 ALTER TABLE `city` DISABLE KEYS */;
INSERT INTO `city` VALUES (1,'Achrafieh',1,'2014-02-01 10:22:58'),(2,'Ain Mreisseh',1,'2014-02-01 10:22:58'),(3,'Mazraa',1,'2014-02-01 10:22:58'),(4,'Medawar',1,'2014-02-01 10:22:58'),(5,'Minet el-Hosn',1,'2014-02-01 10:22:58'),(6,'Mousseitbeh',1,'2014-02-01 10:22:58'),(7,'Port of Beirut',1,'2014-02-01 10:22:58'),(8,'Ras-Beyrouth',1,'2014-02-01 10:22:58'),(9,'Rmeil',1,'2014-02-01 10:22:58'),(10,'Saifi',1,'2014-02-01 10:22:58'),(11,'Zokak el-Blat',1,'2014-02-01 10:22:58'),(12,'Abbassiyeh',2,'2014-02-01 10:22:58'),(13,'Ain Ata',2,'2014-02-01 10:22:58'),(14,'Ain Baniyeh',2,'2014-02-01 10:22:58'),(15,'Ain Bourday',2,'2014-02-01 10:22:58'),(16,'Ain Joz',2,'2014-02-01 10:22:58'),(17,'Ain Saouda',2,'2014-02-01 10:22:58'),(18,'Akidiyeh',2,'2014-02-01 10:22:58'),(19,'Al Ain',2,'2014-02-01 10:22:58'),(20,'Chaat',2,'2014-02-01 10:22:58'),(21,'Chaet',2,'2014-02-01 10:22:58'),(22,'Cheaibi',2,'2014-02-01 10:22:58'),(23,'Chlifa',2,'2014-02-01 10:22:58'),(24,'Chmais',2,'2014-02-01 10:22:58'),(25,'Chmeis',2,'2014-02-01 10:22:58'),(26,'Chmestar',2,'2014-02-01 10:22:58'),(27,'Dar Wassiha',2,'2014-02-01 10:22:58'),(28,'Deir el-Ahmar',2,'2014-02-01 10:22:58'),(29,'Douriss',2,'2014-02-01 10:22:58'),(30,'el-Ain',2,'2014-02-01 10:22:58'),(31,'Ersal',2,'2014-02-01 10:22:58'),(32,'Fakiha',2,'2014-02-01 10:22:58'),(33,'Falaoui',2,'2014-02-01 10:22:58'),(35,'Ghafra',2,'2014-02-01 10:22:58'),(36,'Hadeth Baalbeck',2,'2014-02-01 10:22:58'),(37,'Hame',2,'2014-02-01 10:22:58'),(38,'Hazin',2,'2014-02-01 10:22:58'),(39,'Hoch Nabi',2,'2014-02-01 10:22:58'),(40,'Hoch Rafika',2,'2014-02-01 10:22:58'),(41,'Hoch Sneid',2,'2014-02-01 10:22:58'),(42,'Hoch Tal Safiyeh',2,'2014-02-01 10:22:58'),(43,'Hoch Zahab',2,'2014-02-01 10:22:58'),(44,'Hor Tehla',2,'2014-02-01 10:22:58'),(45,'Hrebta',2,'2014-02-01 10:22:58'),(48,'Jbaniyeh',2,'2014-02-01 10:22:58'),(49,'Jboula',2,'2014-02-01 10:22:58'),(50,'Jdeideh',2,'2014-02-01 10:22:58'),(51,'Jenta',2,'2014-02-01 10:22:58'),(53,'Kaddam',2,'2014-02-01 10:22:58'),(54,'Kal Sabeh',2,'2014-02-01 10:22:58'),(56,'Kaled Sabeh',2,'2014-02-01 10:22:58'),(57,'Karha',2,'2014-02-01 10:22:58'),(58,'Kasser Naba',2,'2014-02-01 10:22:58'),(59,'Kfar Dabach',2,'2014-02-01 10:22:58'),(60,'Kfar Dan',2,'2014-02-01 10:22:58'),(61,'Kfar Diche',2,'2014-02-01 10:22:58'),(62,'Khodr',2,'2014-02-01 10:22:59'),(63,'Khreybeh',2,'2014-02-01 10:22:59'),(64,'Kneisseh',2,'2014-02-01 10:22:59'),(65,'Laboueh',2,'2014-02-01 10:22:59'),(66,'Lebbaya',2,'2014-02-01 10:22:59'),(67,'Maaraboun',2,'2014-02-01 10:22:59'),(68,'Majd Aloun',2,'2014-02-01 10:22:59'),(69,'Makneh',2,'2014-02-01 10:22:59'),(70,'Makni',2,'2014-02-01 10:22:59'),(71,'Masnah Zahra',2,'2014-02-01 10:22:59'),(72,'Mazraat Abou Slaybi',2,'2014-02-01 10:22:59'),(73,'Mazraat Beit Matar',2,'2014-02-01 10:22:59'),(74,'Mazraat Beit Slaybi',2,'2014-02-01 10:22:59'),(75,'Mazraat Dalil',2,'2014-02-01 10:22:59'),(76,'Mazraat el-Soueidan',2,'2014-02-01 10:22:59'),(77,'Mazraat Sayed',2,'2014-02-01 10:22:59'),(78,'Mazraat Soueidan',2,'2014-02-01 10:22:59'),(79,'Mazraat Tout',2,'2014-02-01 10:22:59'),(80,'Mekrak',2,'2014-02-01 10:22:59'),(81,'Nabha Damdoum',2,'2014-02-01 10:22:59'),(82,'Nabha Harfouche',2,'2014-02-01 10:22:59'),(83,'Nabha Kleili',2,'2014-02-01 10:22:59'),(84,'Nabha Mahfara',2,'2014-02-01 10:22:59'),(85,'Nabi Chiit',2,'2014-02-01 10:22:59'),(86,'Nabi Inaam',2,'2014-02-01 10:22:59'),(87,'Nabi Osman',2,'2014-02-01 10:22:59'),(88,'Nabi Rachadeh',2,'2014-02-01 10:22:59'),(89,'Nabi Sbat',2,'2014-02-01 10:22:59'),(90,'Nahleh',2,'2014-02-01 10:22:59'),(91,'Nakra',2,'2014-02-01 10:22:59'),(92,'Nye Rachadeh',2,'2014-02-01 10:22:59'),(93,'Ram',2,'2014-02-01 10:22:59'),(94,'Ramassa',2,'2014-02-01 10:22:59'),(95,'Ras Baalbeck',2,'2014-02-01 10:22:59'),(96,'Rich',2,'2014-02-01 10:22:59'),(97,'Riha',2,'2014-02-01 10:22:59'),(98,'Sabbouba',2,'2014-02-01 10:22:59'),(99,'Sadiyeh',2,'2014-02-01 10:22:59'),(100,'Safra',2,'2014-02-01 10:22:59'),(101,'Sarhine',2,'2014-02-01 10:22:59'),(102,'Sayaniyeh',2,'2014-02-01 10:22:59'),(103,'Sefri',2,'2014-02-01 10:22:59'),(104,'Soleh',2,'2014-02-01 10:22:59'),(105,'Talya',2,'2014-02-01 10:22:59'),(106,'Taraya',2,'2014-02-01 10:22:59'),(107,'Temnine',2,'2014-02-01 10:22:59'),(108,'Tfayel',2,'2014-02-01 10:22:59'),(109,'Tibeh',2,'2014-02-01 10:22:59'),(110,'Tmenin',2,'2014-02-01 10:22:59'),(111,'Toufikiyeh',2,'2014-02-01 10:22:59'),(113,'Wadi Mechmechi',2,'2014-02-01 10:22:59'),(114,'Wadi Safa Charki',2,'2014-02-01 10:22:59'),(115,'Wadi Zein',2,'2014-02-01 10:22:59'),(116,'Yahfoufa',2,'2014-02-01 10:22:59'),(117,'Yammouni',2,'2014-02-01 10:22:59'),(118,'Younine',2,'2014-02-01 10:22:59'),(119,'Younissiyeh',2,'2014-02-01 10:22:59'),(120,'Zaboud',2,'2014-02-01 10:22:59'),(121,'Zarazir',2,'2014-02-01 10:22:59'),(122,'Ain Tini',3,'2014-02-01 10:22:59'),(123,'Ain Zabad',3,'2014-02-01 10:22:59'),(124,'Ain Zebdeh',3,'2014-02-01 10:23:00'),(125,'Aitanit',3,'2014-02-01 10:23:00'),(126,'Ammik',3,'2014-02-01 10:23:00'),(127,'Ana',3,'2014-02-01 10:23:00'),(128,'Dakkouh',3,'2014-02-01 10:23:00'),(130,'Ghazzeh',3,'2014-02-01 10:23:00'),(131,'Hoch el-Harimeh',3,'2014-02-01 10:23:00'),(132,'Jeb Jenine',3,'2014-02-01 10:23:00'),(133,'Kalya',3,'2014-02-01 10:23:00'),(134,'Kamed el-Loz',3,'2014-02-01 10:23:00'),(135,'Karaoun',3,'2014-02-01 10:23:00'),(136,'Kefraya',3,'2014-02-01 10:23:00'),(137,'Kherbet Kanafar',3,'2014-02-01 10:23:00'),(138,'Lala',3,'2014-02-01 10:23:00'),(139,'Machghara',3,'2014-02-01 10:23:00'),(140,'Manara',3,'2014-02-01 10:23:00'),(141,'Mansoura',3,'2014-02-01 10:23:00'),(142,'Marj',3,'2014-02-01 10:23:00'),(143,'Racyay',3,'2014-02-01 10:23:00'),(144,'Rafid',3,'2014-02-01 10:23:00'),(145,'Rawda',3,'2014-02-01 10:23:00'),(146,'Saghbine',3,'2014-02-01 10:23:00'),(147,'Sohmor',3,'2014-02-01 10:23:00'),(148,'Souayra',3,'2014-02-01 10:23:00'),(149,'Sultan Yaacoub',3,'2014-02-01 10:23:00'),(150,'Tal Zanoub',3,'2014-02-01 10:23:00'),(151,'Yohmor',3,'2014-02-01 10:23:00'),(152,'Zlaya',3,'2014-02-01 10:23:00'),(153,'Charbin',4,'2014-02-01 10:23:00'),(154,'Chawaghir',4,'2014-02-01 10:23:00'),(155,'Fissane',4,'2014-02-01 10:23:00'),(156,'Haret Maasser',4,'2014-02-01 10:23:00'),(157,'Harika',4,'2014-02-01 10:23:00'),(158,'Hermel',4,'2014-02-01 10:23:00'),(159,'Hmayreh',4,'2014-02-01 10:23:00'),(160,'Hoch Sayed',4,'2014-02-01 10:23:00'),(161,'Jawar Hachich',4,'2014-02-01 10:23:00'),(162,'Kasr-Fissane',4,'2014-02-01 10:23:00'),(163,'Kasser',4,'2014-02-01 10:23:00'),(164,'Khrayeb',4,'2014-02-01 10:23:00'),(165,'Knafez',4,'2014-02-01 10:23:00'),(166,'Kouwakh',4,'2014-02-01 10:23:00'),(168,'Mazraat Beit Tacham',4,'2014-02-01 10:23:00'),(169,'Mazraat Fakih',4,'2014-02-01 10:23:00'),(170,'Mazraat Saged',4,'2014-02-01 10:23:00'),(171,'Mrah el-Ain',4,'2014-02-01 10:23:00'),(172,'Nayra',4,'2014-02-01 10:23:00'),(174,'Soueisseh',4,'2014-02-01 10:23:00'),(175,'Wadi Asse',4,'2014-02-01 10:23:00'),(176,'Wadi Bneit',4,'2014-02-01 10:23:00'),(177,'Wadi Karm',4,'2014-02-01 10:23:00'),(178,'Wadi Rattal',4,'2014-02-01 10:23:00'),(179,'Wadi Turkman',4,'2014-02-01 10:23:00'),(180,'Zaghrin',4,'2014-02-01 10:23:00'),(181,'Zoueitini',4,'2014-02-01 10:23:00'),(182,'Aiha',5,'2014-02-01 10:23:00'),(183,'Ain Arab',5,'2014-02-01 10:23:00'),(184,'Ain Ata',5,'2014-02-01 10:23:00'),(185,'Ain Harcha',5,'2014-02-01 10:23:00'),(186,'Aita el-Fakhar',5,'2014-02-01 10:23:00'),(187,'Akbeh',5,'2014-02-01 10:23:00'),(188,'Dahr el-Ahmar',5,'2014-02-01 10:23:00'),(189,'Deir Achayer',5,'2014-02-01 10:23:00'),(190,'Hawche',5,'2014-02-01 10:23:00'),(191,'Heloueh',5,'2014-02-01 10:23:00'),(192,'Kawkaba',5,'2014-02-01 10:23:00'),(193,'Kfar Dnisse',5,'2014-02-01 10:23:00'),(194,'Kfar Kouk',5,'2014-02-01 10:23:00'),(195,'Kfar Mechki',5,'2014-02-01 10:23:00'),(196,'Kherbet Rouha',5,'2014-02-01 10:23:00'),(197,'Majd el-Balhis',5,'2014-02-01 10:23:00'),(198,'Mdawkha',5,'2014-02-01 10:23:00'),(199,'Moheidseh',5,'2014-02-01 10:23:00'),(200,'Rachaya',5,'2014-02-01 10:23:00'),(201,'Rafid',5,'2014-02-01 10:23:00'),(202,'Tannoura',5,'2014-02-01 10:23:01'),(203,'Yanta',5,'2014-02-01 10:23:01'),(204,'Ablah',6,'2014-02-01 10:23:01'),(205,'Ain Kfarzabad',6,'2014-02-01 10:23:01'),(206,'Ali el-Nahri',6,'2014-02-01 10:23:01'),(207,'Anjar',6,'2014-02-01 10:23:01'),(208,'Chtaura',6,'2014-02-01 10:23:01'),(209,'Deir el-Ghazal',6,'2014-02-01 10:23:01'),(210,'Delhamiyeh',6,'2014-02-01 10:23:01'),(211,'Ferzol',6,'2014-02-01 10:23:01'),(212,'HajjehJbeili',6,'2014-02-01 10:23:01'),(213,'Hay el-Fikati',6,'2014-02-01 10:23:01'),(214,'Hay el-Sellom',6,'2014-02-01 10:23:01'),(215,'Hazerta',6,'2014-02-01 10:23:01'),(216,'Hoch el-Oumara',6,'2014-02-01 10:23:01'),(217,'Hoch Ghanam',6,'2014-02-01 10:23:01'),(218,'Hoch Hala',6,'2014-02-01 10:23:01'),(219,'Hoch Zarahneh',6,'2014-02-01 10:23:01'),(220,'Horch Hala',6,'2014-02-01 10:23:01'),(221,'Jalala',6,'2014-02-01 10:23:01'),(222,'Jdita',6,'2014-02-01 10:23:01'),(224,'Kab Elias',6,'2014-02-01 10:23:01'),(225,'Kab Ousseh',6,'2014-02-01 10:23:01'),(226,'Kamel',6,'2014-02-01 10:23:01'),(227,'Karak',6,'2014-02-01 10:23:01'),(228,'Kfar Zabad',6,'2014-02-01 10:23:01'),(229,'Khodr Bey',6,'2014-02-01 10:23:01'),(230,'Koussaya',6,'2014-02-01 10:23:01'),(231,'Maalaka',6,'2014-02-01 10:23:01'),(232,'Majd el-Anjar',6,'2014-02-01 10:23:01'),(233,'Maksi',6,'2014-02-01 10:23:01'),(234,'Mar Antonios',6,'2014-02-01 10:23:01'),(235,'Massa',6,'2014-02-01 10:23:01'),(236,'Mreijat',6,'2014-02-01 10:23:01'),(237,'Nabi Aylla',6,'2014-02-01 10:23:01'),(238,'Nassiriyeh',6,'2014-02-01 10:23:01'),(239,'Niha',6,'2014-02-01 10:23:01'),(240,'Rahit',6,'2014-02-01 10:23:01'),(241,'Rassiyeh',6,'2014-02-01 10:23:01'),(242,'Rayak',6,'2014-02-01 10:23:01'),(243,'Saadnayel',6,'2014-02-01 10:23:01'),(244,'Taalabaya',6,'2014-02-01 10:23:01'),(245,'Taanayel',6,'2014-02-01 10:23:01'),(246,'Tal el-Akhdar',6,'2014-02-01 10:23:01'),(247,'Terbol',6,'2014-02-01 10:23:01'),(248,'Touweiti',6,'2014-02-01 10:23:01'),(249,'Wadi Arayech',6,'2014-02-01 10:23:01'),(250,'Wadi el-Delm',6,'2014-02-01 10:23:01'),(251,'Youghon Oloke',6,'2014-02-01 10:23:01'),(252,'Zahleh',6,'2014-02-01 10:23:01'),(253,'Aghmid',7,'2014-02-01 10:23:01'),(254,'Ain Ab',7,'2014-02-01 10:23:01'),(255,'Ain Anoub',7,'2014-02-01 10:23:01'),(256,'Ain Dara',7,'2014-02-01 10:23:01'),(257,'Ain Enoub',7,'2014-02-01 10:23:01'),(258,'Ain Jdideh',7,'2014-02-01 10:23:01'),(259,'Ain Ksour',7,'2014-02-01 10:23:01'),(260,'Ain Trez',7,'2014-02-01 10:23:01'),(262,'Aley',7,'2014-02-01 10:23:01'),(263,'Aramoun',7,'2014-02-01 10:23:01'),(264,'Aramoun',7,'2014-02-01 10:23:01'),(265,'Aytate',7,'2014-02-01 10:23:01'),(266,'Charoun',7,'2014-02-01 10:23:01'),(267,'Chartoun',7,'2014-02-01 10:23:01'),(268,'Chatiyeh',7,'2014-02-01 10:23:01'),(269,'Chemlan',7,'2014-02-01 10:23:01'),(270,'Choueifat',7,'2014-02-01 10:23:01'),(271,'Dfoun',7,'2014-02-01 10:23:01'),(272,'Doueir el-Remmane',7,'2014-02-01 10:23:01'),(273,'Habrmoun',7,'2014-02-01 10:23:01'),(274,'Houmal',7,'2014-02-01 10:23:02'),(275,'Ighmid',7,'2014-02-01 10:23:02'),(276,'Kahaleh',7,'2014-02-01 10:23:02'),(277,'Keyfoun',7,'2014-02-01 10:23:02'),(278,'Kfar Aamey',7,'2014-02-01 10:23:02'),(279,'Kfar Amya',7,'2014-02-01 10:23:02'),(280,'Maasriti',7,'2014-02-01 10:23:02'),(281,'Majd el-Baana',7,'2014-02-01 10:23:02'),(282,'Majd el-Behna',7,'2014-02-01 10:23:02'),(283,'Majd Laya',7,'2014-02-01 10:23:02'),(284,'Mecherfeh',7,'2014-02-01 10:23:02'),(285,'Rechmaya',7,'2014-02-01 10:23:02'),(286,'Remhala',7,'2014-02-01 10:23:02'),(287,'Rmeyleh',7,'2014-02-01 10:23:02'),(288,'Roueisset el-Nehman',7,'2014-02-01 10:23:02'),(289,'Sofar',7,'2014-02-01 10:23:02'),(290,'Souk el-Gharb',7,'2014-02-01 10:23:02'),(291,'Ain el-Remmaneh',8,'2014-02-01 10:23:02'),(292,'Ain Mouaffaq',8,'2014-02-01 10:23:02'),(293,'Araya',8,'2014-02-01 10:23:02'),(294,'Arbaniyeh',8,'2014-02-01 10:23:02'),(295,'Chebaniyeh',8,'2014-02-01 10:23:02'),(296,'Chiyah',8,'2014-02-01 10:23:02'),(297,'Deir el-Harf',8,'2014-02-01 10:23:02'),(298,'Dlaybeh',8,'2014-02-01 10:23:02'),(299,'el-Qalaa',8,'2014-02-01 10:23:02'),(300,'el-Qarieh',8,'2014-02-01 10:23:02'),(301,'Falougha',8,'2014-02-01 10:23:02'),(302,'Fayadieh',8,'2014-02-01 10:23:02'),(303,'Furn el-Chebbak',8,'2014-02-01 10:23:02'),(304,'Ghobe',8,'2014-02-01 10:23:02'),(305,'Hadeth',8,'2014-02-01 10:23:02'),(306,'Hammana',8,'2014-02-01 10:23:02'),(307,'Haret el-Botm',8,'2014-02-01 10:23:02'),(308,'Haret Hamzeh',8,'2014-02-01 10:23:02'),(309,'Haret Hreik',8,'2014-02-01 10:23:02'),(310,'Hasbaya',8,'2014-02-01 10:23:02'),(311,'Hazmieh',8,'2014-02-01 10:23:02'),(312,'Jouar el-Haouz',8,'2014-02-01 10:23:02'),(314,'Kfar Chima',8,'2014-02-01 10:23:02'),(315,'Kfar Selouan',8,'2014-02-01 10:23:02'),(316,'Kfar Selouane',8,'2014-02-01 10:23:02'),(317,'Khalouate',8,'2014-02-01 10:23:02'),(318,'Khraybeh',8,'2014-02-01 10:23:02'),(319,'Kneisseh',8,'2014-02-01 10:23:02'),(320,'Kornayel',8,'2014-02-01 10:23:02'),(321,'Kortada',8,'2014-02-01 10:23:02'),(322,'Kossaibeh',8,'2014-02-01 10:23:02'),(323,'Kossaibi',8,'2014-02-01 10:23:02'),(324,'Koubbayeh',8,'2014-02-01 10:23:02'),(325,'Leilaky',8,'2014-02-01 10:23:02'),(326,'Loueizeh',8,'2014-02-01 10:23:02'),(327,'Mreijeh',8,'2014-02-01 10:23:02'),(328,'Qobeih',8,'2014-02-01 10:23:02'),(329,'Qsa',8,'2014-02-01 10:23:02'),(330,'Quorayeh',8,'2014-02-01 10:23:02'),(331,'Ras el-Harf',8,'2014-02-01 10:23:02'),(332,'Ras el-Metn',8,'2014-02-01 10:23:02'),(333,'Rouayset el-Ballout',8,'2014-02-01 10:23:02'),(334,'Sebnay',8,'2014-02-01 10:23:02'),(335,'Tahweitat',8,'2014-02-01 10:23:02'),(336,'Tarchich',8,'2014-02-01 10:23:02'),(338,'Ain We Zein',9,'2014-02-01 10:23:02'),(339,'Al Wardaniyeh',9,'2014-02-01 10:23:02'),(340,'Amatour',9,'2014-02-01 10:23:02'),(341,'Ammik',9,'2014-02-01 10:23:02'),(342,'Anout',9,'2014-02-01 10:23:02'),(343,'Atrine',9,'2014-02-01 10:23:02'),(344,'Chehim',9,'2014-02-01 10:23:02'),(345,'Chourite',9,'2014-02-01 10:23:02'),(346,'Dalhoun',9,'2014-02-01 10:23:02'),(347,'Damour',9,'2014-02-01 10:23:02'),(348,'Debbiyeh',9,'2014-02-01 10:23:02'),(349,'Deir Baba',9,'2014-02-01 10:23:02'),(350,'Deir el-Kamar',9,'2014-02-01 10:23:02'),(351,'Deir el-Moukhales',9,'2014-02-01 10:23:02'),(352,'Deir Koucheh',9,'2014-02-01 10:23:02'),(353,'Dmayt',9,'2014-02-01 10:23:02'),(354,'Fouara',9,'2014-02-01 10:23:03'),(355,'Freidis',9,'2014-02-01 10:23:03'),(356,'Gharifeh',9,'2014-02-01 10:23:03'),(357,'Hasrout',9,'2014-02-01 10:23:03'),(358,'Jahlieh',9,'2014-02-01 10:23:03'),(359,'Jbaa',9,'2014-02-01 10:23:03'),(360,'Jdeidet el-Chouf',9,'2014-02-01 10:23:03'),(361,'Jidra',9,'2014-02-01 10:23:03'),(362,'Jiyeh',9,'2014-02-01 10:23:03'),(363,'Joun',9,'2014-02-01 10:23:03'),(364,'Kahlounieh',9,'2014-02-01 10:23:03'),(365,'Ketermaya',9,'2014-02-01 10:23:03'),(366,'Kfar Fakoud',9,'2014-02-01 10:23:03'),(367,'Kfar Katra',9,'2014-02-01 10:23:03'),(368,'Kfar Nabrakh',9,'2014-02-01 10:23:03'),(369,'Kfar Nis',9,'2014-02-01 10:23:03'),(370,'Khreybeh',9,'2014-02-01 10:23:03'),(371,'Maasser Beit Eddine',9,'2014-02-01 10:23:03'),(372,'Majd el-Meouch',9,'2014-02-01 10:23:03'),(373,'Marj Barja',9,'2014-02-01 10:23:03'),(374,'Marsati',9,'2014-02-01 10:23:03'),(375,'Mazboud',9,'2014-02-01 10:23:03'),(376,'Mazraet el-Dahr',9,'2014-02-01 10:23:03'),(377,'Mechref',9,'2014-02-01 10:23:03'),(378,'Mersty',9,'2014-02-01 10:23:03'),(379,'Mougha',9,'2014-02-01 10:23:03'),(380,'Mouhtakara',9,'2014-02-01 10:23:03'),(381,'Mtolleh',9,'2014-02-01 10:23:03'),(382,'Nahmeh',9,'2014-02-01 10:23:03'),(383,'Niha',9,'2014-02-01 10:23:03'),(384,'Rmeileh',9,'2014-02-01 10:23:03'),(385,'Sebline',9,'2014-02-01 10:23:03'),(386,'Semkaniyeh',9,'2014-02-01 10:23:03'),(387,'Wadi Bnehley',9,'2014-02-01 10:23:03'),(388,'Wadi el-Set',9,'2014-02-01 10:23:03'),(389,'Wadi el-Zineh',9,'2014-02-01 10:23:03'),(390,'Wardanieh',9,'2014-02-01 10:23:03'),(391,'Zaarourieh',9,'2014-02-01 10:23:03'),(392,'Afka',10,'2014-02-01 10:23:03'),(393,'Ain el-Ghoaybeh',10,'2014-02-01 10:23:03'),(394,'Akoura',10,'2014-02-01 10:23:03'),(395,'Almat',10,'2014-02-01 10:23:03'),(396,'Amchit',10,'2014-02-01 10:23:03'),(397,'Assaouneh',10,'2014-02-01 10:23:03'),(398,'Chamat',10,'2014-02-01 10:23:03'),(399,'Chamout',10,'2014-02-01 10:23:03'),(400,'Eddeh',10,'2014-02-01 10:23:03'),(401,'Ehmej',10,'2014-02-01 10:23:03'),(402,'Fatreh',10,'2014-02-01 10:23:03'),(403,'Feghal',10,'2014-02-01 10:23:03'),(404,'Fidar',10,'2014-02-01 10:23:03'),(405,'Ghalboun',10,'2014-02-01 10:23:03'),(406,'Habil',10,'2014-02-01 10:23:03'),(407,'Halate',10,'2014-02-01 10:23:03'),(408,'Hjoula',10,'2014-02-01 10:23:03'),(409,'Hsoun',10,'2014-02-01 10:23:03'),(410,'Jadayel',10,'2014-02-01 10:23:03'),(411,'Jaj',10,'2014-02-01 10:23:03'),(412,'Jalisseh',10,'2014-02-01 10:23:03'),(413,'Janneh',10,'2014-02-01 10:23:03'),(414,'Jbeil',10,'2014-02-01 10:23:03'),(415,'Kartaba',10,'2014-02-01 10:23:03'),(416,'Kattara',10,'2014-02-01 10:23:03'),(417,'Kfar Keddeh',10,'2014-02-01 10:23:03'),(418,'Kfar Mashoun',10,'2014-02-01 10:23:03'),(419,'Kfoun',10,'2014-02-01 10:23:03'),(420,'Lassa',10,'2014-02-01 10:23:03'),(421,'Majd El',10,'2014-02-01 10:23:03'),(422,'Mar Sarkis',10,'2014-02-01 10:23:03'),(423,'Mayfouk',10,'2014-02-01 10:23:03'),(425,'Mchan',10,'2014-02-01 10:23:03'),(426,'Mechmech',10,'2014-02-01 10:23:03'),(427,'Mghayri',10,'2014-02-01 10:23:03'),(428,'Mounsef',10,'2014-02-01 10:23:03'),(429,'Nahr Ibrahim',10,'2014-02-01 10:23:03'),(430,'Obeidad',10,'2014-02-01 10:23:03'),(431,'Ramout',10,'2014-02-01 10:23:03'),(432,'Ras Osta',10,'2014-02-01 10:23:03'),(433,'Saki Rechmaya',10,'2014-02-01 10:23:03'),(434,'Tartej',10,'2014-02-01 10:23:04'),(435,'Torzaya',10,'2014-02-01 10:23:04'),(436,'Achkout',11,'2014-02-01 10:23:04'),(437,'Adma',11,'2014-02-01 10:23:04'),(438,'Adra',11,'2014-02-01 10:23:04'),(439,'Ain el-Rihani',11,'2014-02-01 10:23:04'),(440,'Ain Toura',11,'2014-02-01 10:23:04'),(441,'Ajaltoun',11,'2014-02-01 10:23:04'),(442,'Akaybeh',11,'2014-02-01 10:23:04'),(443,'Chnan',11,'2014-02-01 10:23:04'),(444,'Daphneh',11,'2014-02-01 10:23:04'),(445,'Dar Aoun',11,'2014-02-01 10:23:04'),(446,'Dar Aya',11,'2014-02-01 10:23:04'),(447,'Dlebta',11,'2014-02-01 10:23:04'),(448,'Feytroun',11,'2014-02-01 10:23:04'),(449,'Ghazir',11,'2014-02-01 10:23:04'),(450,'Ghebaleh',11,'2014-02-01 10:23:04'),(451,'Ghineh',11,'2014-02-01 10:23:04'),(452,'Ghosta',11,'2014-02-01 10:23:04'),(453,'Haret Sakhr',11,'2014-02-01 10:23:04'),(454,'Harissa',11,'2014-02-01 10:23:04'),(455,'Herhraya',11,'2014-02-01 10:23:04'),(456,'Hrajel',11,'2014-02-01 10:23:04'),(457,'Hsein',11,'2014-02-01 10:23:04'),(458,'Jdeidet Ghazir',11,'2014-02-01 10:23:04'),(459,'Jeita',11,'2014-02-01 10:23:04'),(460,'Jounieh',11,'2014-02-01 10:23:04'),(461,'Jouret Bedrane',11,'2014-02-01 10:23:04'),(462,'Jouret el-Tourmos',11,'2014-02-01 10:23:04'),(463,'Kfar Yassine',11,'2014-02-01 10:23:04'),(464,'Kfar Zebian',11,'2014-02-01 10:23:04'),(465,'Kfour',11,'2014-02-01 10:23:04'),(466,'Kleiat',11,'2014-02-01 10:23:04'),(467,'Mayrouba',11,'2014-02-01 10:23:04'),(468,'Mazraat Kfardebiane',11,'2014-02-01 10:23:04'),(469,'Qattin',11,'2014-02-01 10:23:04'),(470,'Raachine',11,'2014-02-01 10:23:04'),(471,'Reyfoun',11,'2014-02-01 10:23:04'),(472,'Safra',11,'2014-02-01 10:23:04'),(473,'Sahel Alma',11,'2014-02-01 10:23:04'),(474,'Sarba',11,'2014-02-01 10:23:04'),(475,'Sehayleh',11,'2014-02-01 10:23:04'),(476,'Tabarja',11,'2014-02-01 10:23:04'),(477,'Yahchouche',11,'2014-02-01 10:23:04'),(478,'Zouk Mika',11,'2014-02-01 10:23:04'),(479,'Zouk Mosbeh',11,'2014-02-01 10:23:04'),(480,'Ain Aar',12,'2014-02-01 10:23:04'),(481,'Ain Alak',12,'2014-02-01 10:23:04'),(482,'Ain el-Kharroubeh',12,'2014-02-01 10:23:04'),(483,'Ain el-Safsaf',12,'2014-02-01 10:23:04'),(484,'Ain Saadeh',12,'2014-02-01 10:23:04'),(485,'Ain Toura',12,'2014-02-01 10:23:04'),(486,'Amaret Chalhoub',12,'2014-02-01 10:23:04'),(487,'Antelias',12,'2014-02-01 10:23:04'),(488,'Atchaneh',12,'2014-02-01 10:23:04'),(489,'Awkar',12,'2014-02-01 10:23:04'),(490,'Ayroune',12,'2014-02-01 10:23:04'),(491,'Chawiya',12,'2014-02-01 10:23:04'),(492,'Choueir',12,'2014-02-01 10:23:04'),(493,'Chrine',12,'2014-02-01 10:23:04'),(494,'Dahr el-Hassin',12,'2014-02-01 10:23:04'),(495,'Dahr el-Souan',12,'2014-02-01 10:23:04'),(496,'Dbayeh',12,'2014-02-01 10:23:04'),(497,'Dekouaneh',12,'2014-02-01 10:23:04'),(498,'Deychounieh',12,'2014-02-01 10:23:04'),(499,'Douar',12,'2014-02-01 10:23:04'),(500,'Ein Zeitouneh',12,'2014-02-01 10:23:04'),(501,'el-Kaakour',12,'2014-02-01 10:23:04'),(502,'el-Khalleh',12,'2014-02-01 10:23:04'),(503,'Fanar',12,'2014-02-01 10:23:04'),(504,'Freikeh',12,'2014-02-01 10:23:04'),(505,'Hbous',12,'2014-02-01 10:23:04'),(506,'Himlaya',12,'2014-02-01 10:23:04'),(507,'Jal el-Dib',12,'2014-02-01 10:23:04'),(508,'Jdeideh',12,'2014-02-01 10:23:04'),(509,'Jouar',12,'2014-02-01 10:23:04'),(510,'Jouret el-Ballout',12,'2014-02-01 10:23:04'),(512,'Kanabat',12,'2014-02-01 10:23:04'),(513,'Kfar Akab',12,'2014-02-01 10:23:04'),(514,'Kfar Tey',12,'2014-02-01 10:23:04'),(515,'Khonchara',12,'2014-02-01 10:23:05'),(516,'Koneitra',12,'2014-02-01 10:23:05'),(517,'Kornet Chehwane',12,'2014-02-01 10:23:05'),(518,'Majd el-Tarchich',12,'2014-02-01 10:23:05'),(519,'Majzoub',12,'2014-02-01 10:23:05'),(520,'Mansourieh',12,'2014-02-01 10:23:05'),(521,'Mar Mikhael',12,'2014-02-01 10:23:05'),(522,'Mar Moussa',12,'2014-02-01 10:23:05'),(523,'Mar Roukoz',12,'2014-02-01 10:23:05'),(524,'Marjaba',12,'2014-02-01 10:23:05'),(525,'Maska',12,'2014-02-01 10:23:05'),(526,'Mayassa',12,'2014-02-01 10:23:05'),(527,'Mazraat Yachouh',12,'2014-02-01 10:23:05'),(528,'Mchikha',12,'2014-02-01 10:23:05'),(529,'Mezher',12,'2014-02-01 10:23:05'),(530,'Mkalles',12,'2014-02-01 10:23:05'),(531,'Moheidse',12,'2014-02-01 10:23:05'),(532,'Mrouj',12,'2014-02-01 10:23:05'),(533,'Mtaileb',12,'2014-02-01 10:23:05'),(534,'Mtein',12,'2014-02-01 10:23:05'),(535,'Nabay',12,'2014-02-01 10:23:05'),(536,'Naccache',12,'2014-02-01 10:23:05'),(537,'Roumieh',12,'2014-02-01 10:23:05'),(538,'Sad el-Baouchrieh',12,'2014-02-01 10:23:05'),(539,'Sakiet el-Misk',12,'2014-02-01 10:23:05'),(540,'Sfeili',12,'2014-02-01 10:23:05'),(541,'Sin el-Fil',12,'2014-02-01 10:23:05'),(542,'Wata el-Mrouj',12,'2014-02-01 10:23:05'),(543,'Zabougha',12,'2014-02-01 10:23:05'),(544,'Zalka',12,'2014-02-01 10:23:05'),(545,'Zarhoun',12,'2014-02-01 10:23:05'),(546,'Zeghrine',12,'2014-02-01 10:23:05'),(547,'Zekrit',12,'2014-02-01 10:23:05'),(548,'Zouk el-Kharab',12,'2014-02-01 10:23:05'),(549,'Zouk Kharab',12,'2014-02-01 10:23:05'),(550,'Abboudiyeh',13,'2014-02-01 10:23:05'),(551,'Abdeh',13,'2014-02-01 10:23:05'),(552,'Aidamoun',13,'2014-02-01 10:23:05'),(553,'Ain Tanta',13,'2014-02-01 10:23:05'),(554,'Ain Yaacoub',13,'2014-02-01 10:23:05'),(555,'Ain Zaite',13,'2014-02-01 10:23:05'),(556,'Akkar el-Atika',13,'2014-02-01 10:23:05'),(557,'Akroum',13,'2014-02-01 10:23:05'),(558,'Al Abdeh',13,'2014-02-01 10:23:05'),(559,'Al Hid',13,'2014-02-01 10:23:05'),(560,'Al Hmayra',13,'2014-02-01 10:23:05'),(561,'Al Sahleh',13,'2014-02-01 10:23:05'),(562,'Ammar Bikat',13,'2014-02-01 10:23:05'),(563,'Andket',13,'2014-02-01 10:23:05'),(564,'Arida',13,'2014-02-01 10:23:05'),(565,'Ayat',13,'2014-02-01 10:23:05'),(566,'Chadra',13,'2014-02-01 10:23:05'),(567,'Chakdouf',13,'2014-02-01 10:23:05'),(568,'Chane',13,'2014-02-01 10:23:05'),(569,'Charbila',13,'2014-02-01 10:23:05'),(570,'Cheikh Mohamad',13,'2014-02-01 10:23:05'),(571,'Cheikh Taba',13,'2014-02-01 10:23:05'),(572,'Cheikh Znad',13,'2014-02-01 10:23:05'),(573,'Chikhlar',13,'2014-02-01 10:23:05'),(574,'Chtaheh',13,'2014-02-01 10:23:05'),(575,'Daghla',13,'2014-02-01 10:23:05'),(576,'Daher',13,'2014-02-01 10:23:05'),(577,'Dahr Lisseineh',13,'2014-02-01 10:23:05'),(578,'Danbo',13,'2014-02-01 10:23:05'),(579,'Daousseh',13,'2014-02-01 10:23:05'),(580,'Darine',13,'2014-02-01 10:23:05'),(581,'Dawra',13,'2014-02-01 10:23:05'),(582,'Debabieh',13,'2014-02-01 10:23:05'),(583,'Deir Janine',13,'2014-02-01 10:23:05'),(584,'Doueir Adouieh',13,'2014-02-01 10:23:05'),(585,'Edbel',13,'2014-02-01 10:23:05'),(586,'Fneidek',13,'2014-02-01 10:23:05'),(587,'Freidess',13,'2014-02-01 10:23:05'),(588,'Gebrayel',13,'2014-02-01 10:23:05'),(589,'Ghowaya',13,'2014-02-01 10:23:05'),(590,'Ghreibeh',13,'2014-02-01 10:23:05'),(591,'Ghzaileh',13,'2014-02-01 10:23:05'),(592,'Habchit',13,'2014-02-01 10:23:05'),(593,'Haissa',13,'2014-02-01 10:23:05'),(594,'Haizouk',13,'2014-02-01 10:23:05'),(595,'Hakour',13,'2014-02-01 10:23:06'),(596,'Hakr Cheikh Taba',13,'2014-02-01 10:23:06'),(597,'Hakr Dahiri',13,'2014-02-01 10:23:06'),(598,'Halba',13,'2014-02-01 10:23:06'),(599,'Hamra',13,'2014-02-01 10:23:06'),(600,'Haysseh',13,'2014-02-01 10:23:06'),(601,'Hed',13,'2014-02-01 10:23:06'),(602,'Hitla',13,'2014-02-01 10:23:06'),(603,'Hmayreh',13,'2014-02-01 10:23:06'),(604,'Hneider',13,'2014-02-01 10:23:06'),(605,'Hocheb',13,'2014-02-01 10:23:06'),(606,'Hosniyeh',13,'2014-02-01 10:23:06'),(607,'Howeiche',13,'2014-02-01 10:23:06'),(608,'Hrar',13,'2014-02-01 10:23:06'),(609,'JdeidehJoumeh',13,'2014-02-01 10:23:06'),(610,'JdeidehKatih',13,'2014-02-01 10:23:06'),(611,'Kachlak',13,'2014-02-01 10:23:06'),(612,'Kantra',13,'2014-02-01 10:23:06'),(613,'Karha',13,'2014-02-01 10:23:06'),(614,'Karm Asfour',13,'2014-02-01 10:23:06'),(615,'Katelbeh',13,'2014-02-01 10:23:06'),(616,'Kboula',13,'2014-02-01 10:23:06'),(617,'Kfar Harra',13,'2014-02-01 10:23:06'),(618,'Kfar Melki',13,'2014-02-01 10:23:06'),(619,'Kfar Noun',13,'2014-02-01 10:23:06'),(620,'Kfar Toun',13,'2014-02-01 10:23:06'),(621,'Kherbet Char',13,'2014-02-01 10:23:06'),(622,'Khorbet Daoud',13,'2014-02-01 10:23:06'),(623,'Khorbet Jrad',13,'2014-02-01 10:23:06'),(624,'Khorbet Jundi',13,'2014-02-01 10:23:06'),(625,'Kiniya',13,'2014-02-01 10:23:06'),(626,'Klayaat',13,'2014-02-01 10:23:06'),(627,'Kloud Bakieh',13,'2014-02-01 10:23:06'),(628,'Kneisseh',13,'2014-02-01 10:23:06'),(629,'Kobayat',13,'2014-02-01 10:23:06'),(630,'Kobbet Chamra',13,'2014-02-01 10:23:06'),(631,'Korkef',13,'2014-02-01 10:23:06'),(632,'Korneh',13,'2014-02-01 10:23:06'),(633,'Koucha',13,'2014-02-01 10:23:06'),(634,'Krayat',13,'2014-02-01 10:23:06'),(635,'Kroum Arab',13,'2014-02-01 10:23:06'),(636,'Kwachra',13,'2014-02-01 10:23:06'),(637,'Machta Hammoud',13,'2014-02-01 10:23:06'),(638,'Machta Hassan',13,'2014-02-01 10:23:06'),(639,'Majd Ala',13,'2014-02-01 10:23:06'),(640,'Majd El',13,'2014-02-01 10:23:06'),(641,'Mar Touma',13,'2014-02-01 10:23:06'),(642,'Mart Moura',13,'2014-02-01 10:23:06'),(643,'Massoudieh',13,'2014-02-01 10:23:06'),(644,'Mazraat Baldeh',13,'2014-02-01 10:23:06'),(645,'Mechha',13,'2014-02-01 10:23:06'),(646,'Mechmech',13,'2014-02-01 10:23:06'),(647,'Mekhtlef',13,'2014-02-01 10:23:06'),(648,'Memneh',13,'2014-02-01 10:23:06'),(649,'Minyara',13,'2014-02-01 10:23:06'),(650,'Mkaibleh',13,'2014-02-01 10:23:06'),(651,'Mkaiteh',13,'2014-02-01 10:23:06'),(652,'Mounjez',13,'2014-02-01 10:23:06'),(653,'Mounsa',13,'2014-02-01 10:23:06'),(654,'Mrah el-Khokh',13,'2014-02-01 10:23:06'),(655,'Nahriyeh',13,'2014-02-01 10:23:06'),(656,'Nfeisseh',13,'2014-02-01 10:23:06'),(657,'Noura',13,'2014-02-01 10:23:06'),(658,'Oueinate',13,'2014-02-01 10:23:06'),(659,'Ouyoun',13,'2014-02-01 10:23:06'),(660,'Rahbeh',13,'2014-02-01 10:23:06'),(661,'Rammah',13,'2014-02-01 10:23:06'),(662,'Rihaniyeh',13,'2014-02-01 10:23:06'),(663,'Saadine',13,'2014-02-01 10:23:06'),(664,'Safinet el-Dreib',13,'2014-02-01 10:23:06'),(665,'Sayssouq',13,'2014-02-01 10:23:06'),(666,'Sehleh',13,'2014-02-01 10:23:06'),(667,'Seissouk',13,'2014-02-01 10:23:06'),(668,'Semakiyeh',13,'2014-02-01 10:23:07'),(669,'Sfeinet Katih',13,'2014-02-01 10:23:07'),(670,'Sindiyaneh',13,'2014-02-01 10:23:07'),(671,'Soueisseh',13,'2014-02-01 10:23:07'),(672,'Srar',13,'2014-02-01 10:23:07'),(673,'Tacheh',13,'2014-02-01 10:23:07'),(674,'Tal Abbas',13,'2014-02-01 10:23:07'),(675,'Tal Bibeh',13,'2014-02-01 10:23:07'),(676,'Tal Bireh',13,'2014-02-01 10:23:07'),(677,'Tal Hemayra',13,'2014-02-01 10:23:07'),(678,'Tal Mehyan',13,'2014-02-01 10:23:07'),(679,'Talleh',13,'2014-02-01 10:23:07'),(680,'Tekrit',13,'2014-02-01 10:23:07'),(681,'Tel Meyane',13,'2014-02-01 10:23:07'),(682,'Tleil',13,'2014-02-01 10:23:07'),(683,'Wadi el-Hour',13,'2014-02-01 10:23:07'),(684,'Wadi Jamous',13,'2014-02-01 10:23:07'),(685,'Wadih Khaled',13,'2014-02-01 10:23:07'),(686,'Zawarib',13,'2014-02-01 10:23:07'),(687,'Zouk',13,'2014-02-01 10:23:07'),(688,'Zouk el-Hossayni',13,'2014-02-01 10:23:07'),(689,'Zouk Hadareh',13,'2014-02-01 10:23:07'),(690,'Zouk Hassineh',13,'2014-02-01 10:23:07'),(691,'Zouk Hbalseh',13,'2014-02-01 10:23:07'),(692,'Zouk Mekacharine',13,'2014-02-01 10:23:07'),(693,'Abdelli',14,'2014-02-01 10:23:07'),(694,'Al Ali',14,'2014-02-01 10:23:07'),(695,'Al Hiri',14,'2014-02-01 10:23:07'),(696,'Andoula',14,'2014-02-01 10:23:07'),(697,'Artez',14,'2014-02-01 10:23:07'),(698,'Awra',14,'2014-02-01 10:23:07'),(699,'Chatine',14,'2014-02-01 10:23:07'),(700,'Chekka',14,'2014-02-01 10:23:07'),(701,'Chekka',14,'2014-02-01 10:23:07'),(702,'Chibtine',14,'2014-02-01 10:23:07'),(703,'Dabra',14,'2014-02-01 10:23:07'),(704,'Dahr Abou-Yaghi',14,'2014-02-01 10:23:07'),(705,'Dail',14,'2014-02-01 10:23:07'),(706,'Deir Bella',14,'2014-02-01 10:23:07'),(707,'Deir Chwah',14,'2014-02-01 10:23:07'),(708,'Deria',14,'2014-02-01 10:23:07'),(709,'Douma',14,'2014-02-01 10:23:07'),(710,'Douma',14,'2014-02-01 10:23:07'),(711,'Eddeh',14,'2014-02-01 10:23:07'),(712,'Ftahat',14,'2014-02-01 10:23:07'),(713,'Ghouma',14,'2014-02-01 10:23:07'),(714,'Hadtoune',14,'2014-02-01 10:23:07'),(715,'Hamat',14,'2014-02-01 10:23:07'),(716,'Hamat',14,'2014-02-01 10:23:07'),(717,'Harbouna',14,'2014-02-01 10:23:07'),(718,'Hardine',14,'2014-02-01 10:23:07'),(719,'Helta',14,'2014-02-01 10:23:07'),(720,'Ibrine',14,'2014-02-01 10:23:07'),(721,'Jdabra',14,'2014-02-01 10:23:07'),(722,'Jeb La',14,'2014-02-01 10:23:07'),(723,'Jrabta',14,'2014-02-01 10:23:07'),(724,'Jrane',14,'2014-02-01 10:23:07'),(725,'Kesya',14,'2014-02-01 10:23:07'),(726,'Kfa Rabida',14,'2014-02-01 10:23:07'),(727,'Kfar Abida',14,'2014-02-01 10:23:07'),(728,'Kfar Chliman',14,'2014-02-01 10:23:07'),(729,'Kfar Halda',14,'2014-02-01 10:23:07'),(730,'Kfar Hatna',14,'2014-02-01 10:23:07'),(731,'Kfar Hay',14,'2014-02-01 10:23:07'),(732,'Kfar Helda',14,'2014-02-01 10:23:07'),(733,'Kfifane',14,'2014-02-01 10:23:07'),(734,'Kfour el-Arabi',14,'2014-02-01 10:23:07'),(735,'Kobbeh',14,'2014-02-01 10:23:07'),(736,'Koubba',14,'2014-02-01 10:23:07'),(737,'Kour',14,'2014-02-01 10:23:07'),(738,'Mar Mema',14,'2014-02-01 10:23:07'),(739,'Marj',14,'2014-02-01 10:23:07'),(740,'Mehmarche',14,'2014-02-01 10:23:07'),(741,'Mrah Az-Zeyat',14,'2014-02-01 10:23:07'),(742,'Mrah Chdid',14,'2014-02-01 10:23:07'),(743,'Mrah el-Hajj',14,'2014-02-01 10:23:07'),(744,'Racha',14,'2014-02-01 10:23:07'),(745,'Rachana',14,'2014-02-01 10:23:07'),(746,'Rachkida',14,'2014-02-01 10:23:07'),(747,'Ram',14,'2014-02-01 10:23:07'),(748,'Ras Nhache',14,'2014-02-01 10:23:08'),(749,'Ras Senhache',14,'2014-02-01 10:23:08'),(750,'Selaata',14,'2014-02-01 10:23:08'),(751,'Selaata',14,'2014-02-01 10:23:08'),(752,'Sghar',14,'2014-02-01 10:23:08'),(753,'Smar Jbeil',14,'2014-02-01 10:23:08'),(754,'Souret',14,'2014-02-01 10:23:08'),(755,'Tannourine',14,'2014-02-01 10:23:08'),(756,'Thoum',14,'2014-02-01 10:23:08'),(757,'Toula',14,'2014-02-01 10:23:08'),(758,'Wata Houb',14,'2014-02-01 10:23:08'),(759,'Zane',14,'2014-02-01 10:23:08'),(760,'Zen',14,'2014-02-01 10:23:08'),(761,'Hadchit',15,'2014-02-01 10:23:08'),(762,'Hadeth el-Joubbeh',15,'2014-02-01 10:23:08'),(763,'Hasroun',15,'2014-02-01 10:23:08'),(764,'Ibdine',15,'2014-02-01 10:23:08'),(765,'Maghroubella',15,'2014-02-01 10:23:08'),(766,'Qnat',15,'2014-02-01 10:23:08'),(767,'Tourza',15,'2014-02-01 10:23:08'),(768,'Aazki',16,'2014-02-01 10:23:08'),(769,'Ain el-Tini',16,'2014-02-01 10:23:08'),(770,'Assoune',16,'2014-02-01 10:23:08'),(771,'Deir Ammar',16,'2014-02-01 10:23:08'),(772,'Deir Nbouh',16,'2014-02-01 10:23:08'),(773,'Dibiil',16,'2014-02-01 10:23:08'),(774,'Hakl el-Azimi',16,'2014-02-01 10:23:08'),(775,'Harf Siyad',16,'2014-02-01 10:23:08'),(776,'Hazmieh',16,'2014-02-01 10:23:08'),(777,'Houwara',16,'2014-02-01 10:23:08'),(778,'Izal',16,'2014-02-01 10:23:08'),(779,'Kahf el-Malloul',16,'2014-02-01 10:23:08'),(780,'Kammamine',16,'2014-02-01 10:23:08'),(781,'Karm el-Mehr',16,'2014-02-01 10:23:08'),(782,'Karsita',16,'2014-02-01 10:23:08'),(783,'Karsouna',16,'2014-02-01 10:23:08'),(784,'Kattine',16,'2014-02-01 10:23:08'),(785,'Kfar Bibnine',16,'2014-02-01 10:23:08'),(786,'Kfar Chellam',16,'2014-02-01 10:23:08'),(787,'Kfar Chellane',16,'2014-02-01 10:23:08'),(788,'Kfar Habou',16,'2014-02-01 10:23:08'),(789,'Kharnoub',16,'2014-02-01 10:23:08'),(790,'Korhaya',16,'2014-02-01 10:23:08'),(791,'Krin',16,'2014-02-01 10:23:08'),(792,'Limar',16,'2014-02-01 10:23:08'),(793,'Markabta',16,'2014-02-01 10:23:08'),(794,'Mazraet Artousa',16,'2014-02-01 10:23:08'),(795,'Minieh',16,'2014-02-01 10:23:08'),(796,'Mrah As-Sraje',16,'2014-02-01 10:23:08'),(797,'Mrah Sfaira',16,'2014-02-01 10:23:08'),(798,'Mrah Sraje',16,'2014-02-01 10:23:08'),(799,'Nabi Youchaah',16,'2014-02-01 10:23:08'),(800,'Nabi Youchah',16,'2014-02-01 10:23:08'),(801,'Namrine',16,'2014-02-01 10:23:08'),(802,'Nimrine',16,'2014-02-01 10:23:08'),(803,'Rawda',16,'2014-02-01 10:23:08'),(804,'Rihanieh',16,'2014-02-01 10:23:08'),(805,'Sfaira',16,'2014-02-01 10:23:08'),(806,'Sir Denniyeh',16,'2014-02-01 10:23:08'),(807,'Tarane',16,'2014-02-01 10:23:08'),(808,'Terbol',16,'2014-02-01 10:23:08'),(809,'Wadi Nahleh',16,'2014-02-01 10:23:08'),(810,'Watieh',16,'2014-02-01 10:23:08'),(811,'Zaghr Tighrine',16,'2014-02-01 10:23:08'),(813,'Afsdik',17,'2014-02-01 10:23:08'),(814,'Ain Akrine',17,'2014-02-01 10:23:09'),(815,'Ajad Ebrine',17,'2014-02-01 10:23:09'),(816,'Amioun',17,'2014-02-01 10:23:09'),(817,'Anfeh',17,'2014-02-01 10:23:09'),(818,'Dahr el-Ain',17,'2014-02-01 10:23:09'),(819,'Dar Baachtar',17,'2014-02-01 10:23:09'),(820,'Dar Chmezzine',17,'2014-02-01 10:23:09'),(821,'Deddeh',17,'2014-02-01 10:23:09'),(822,'Elhat',17,'2014-02-01 10:23:09'),(823,'Fesdick',17,'2014-02-01 10:23:09'),(824,'Fieh',17,'2014-02-01 10:23:09'),(825,'Haret el-Khassa',17,'2014-02-01 10:23:09'),(826,'Hmayreh',17,'2014-02-01 10:23:09'),(827,'Kaftoun',17,'2014-02-01 10:23:09'),(828,'Kalhat',17,'2014-02-01 10:23:09'),(829,'Kboula',17,'2014-02-01 10:23:09'),(830,'Kefraya',17,'2014-02-01 10:23:09'),(831,'Keftine',17,'2014-02-01 10:23:09'),(832,'Kfar Akka',17,'2014-02-01 10:23:09'),(833,'Kfar Hata',17,'2014-02-01 10:23:09'),(834,'Kfar Hazir',17,'2014-02-01 10:23:09'),(835,'Kfar Kahel',17,'2014-02-01 10:23:09'),(836,'Kfar Saroun',17,'2014-02-01 10:23:09'),(837,'Kousba',17,'2014-02-01 10:23:09'),(838,'Majd El',17,'2014-02-01 10:23:09'),(839,'Mazraat Baldeh',17,'2014-02-01 10:23:09'),(840,'Metrit',17,'2014-02-01 10:23:09'),(841,'Nakhleh',17,'2014-02-01 10:23:09'),(842,'Rachdebbine',17,'2014-02-01 10:23:09'),(843,'Rachedbine',17,'2014-02-01 10:23:09'),(844,'Ras-Meska',17,'2014-02-01 10:23:09'),(846,'Wata Fares',17,'2014-02-01 10:23:09'),(847,'Zakrouk',17,'2014-02-01 10:23:09'),(848,'Zakroun',17,'2014-02-01 10:23:09'),(849,'Zakzouk',17,'2014-02-01 10:23:09'),(850,'Al Haddadine',18,'2014-02-01 10:23:09'),(851,'Al Hadid',18,'2014-02-01 10:23:09'),(852,'Al Mahatra',18,'2014-02-01 10:23:09'),(853,'An Nouri',18,'2014-02-01 10:23:09'),(854,'Jisrain',18,'2014-02-01 10:23:09'),(855,'Kalamoun',18,'2014-02-01 10:23:09'),(856,'Kobbeh',18,'2014-02-01 10:23:09'),(857,'Mina',18,'2014-02-01 10:23:09'),(858,'Qalamoun',18,'2014-02-01 10:23:09'),(859,'Roummaneh',18,'2014-02-01 10:23:09'),(860,'Souwaika',18,'2014-02-01 10:23:09'),(861,'Tabbaneh',18,'2014-02-01 10:23:09'),(862,'Tal Mohammad',18,'2014-02-01 10:23:09'),(863,'Tripoli',18,'2014-02-01 10:23:09'),(864,'Zahrieh',18,'2014-02-01 10:23:09'),(865,'Achach',19,'2014-02-01 10:23:09'),(866,'Ain Toubine',19,'2014-02-01 10:23:09'),(867,'Ain Tourine',19,'2014-02-01 10:23:09'),(868,'Aitou',19,'2014-02-01 10:23:09'),(869,'Alma',19,'2014-02-01 10:23:09'),(870,'Arabet Kozhaya',19,'2014-02-01 10:23:09'),(871,'Ardeh',19,'2014-02-01 10:23:09'),(872,'Arjess',19,'2014-02-01 10:23:09'),(873,'Aslout',19,'2014-02-01 10:23:09'),(874,'Asnoun',19,'2014-02-01 10:23:09'),(875,'Dar Aya',19,'2014-02-01 10:23:09'),(876,'Ehden',19,'2014-02-01 10:23:09'),(877,'Ejbeh',19,'2014-02-01 10:23:09'),(878,'Garabache',19,'2014-02-01 10:23:09'),(879,'Haret el-Fouar',19,'2014-02-01 10:23:09'),(880,'Harf Ardeh',19,'2014-02-01 10:23:09'),(881,'Harf Miziara',19,'2014-02-01 10:23:09'),(882,'Haylan',19,'2014-02-01 10:23:09'),(883,'Hmaiss',19,'2014-02-01 10:23:09'),(885,'Kadriyeh',19,'2014-02-01 10:23:09'),(886,'Karm Saddeh',19,'2014-02-01 10:23:09'),(887,'Kfar Aya',19,'2014-02-01 10:23:09'),(888,'Kfar Bachit',19,'2014-02-01 10:23:09'),(889,'Kfar Chakhna',19,'2014-02-01 10:23:09'),(890,'Kfar Dlakous',19,'2014-02-01 10:23:09'),(891,'Kfar Fou',19,'2014-02-01 10:23:09'),(892,'Kfar Hatta',19,'2014-02-01 10:23:09'),(893,'Kfar Houra',19,'2014-02-01 10:23:09'),(894,'Kfar Seghab',19,'2014-02-01 10:23:10'),(895,'Kfar Yachit',19,'2014-02-01 10:23:10'),(896,'Kfar Zina',19,'2014-02-01 10:23:10'),(897,'Maasser',19,'2014-02-01 10:23:10'),(898,'Majd Laya',19,'2014-02-01 10:23:10'),(899,'Mazraat el-Fraydiss',19,'2014-02-01 10:23:10'),(900,'Mazraat el-Nahr',19,'2014-02-01 10:23:10'),(901,'Mazraat Houka',19,'2014-02-01 10:23:10'),(902,'Mazraat Hreikess',19,'2014-02-01 10:23:10'),(903,'Mazraat Touffah',19,'2014-02-01 10:23:10'),(904,'Meziara',19,'2014-02-01 10:23:10'),(905,'Miryata',19,'2014-02-01 10:23:10'),(906,'Rachiine',19,'2014-02-01 10:23:10'),(907,'Raskifa',19,'2014-02-01 10:23:10'),(908,'Salib',19,'2014-02-01 10:23:10'),(909,'Saydeh',19,'2014-02-01 10:23:10'),(910,'Sebhel',19,'2014-02-01 10:23:10'),(911,'Serhel',19,'2014-02-01 10:23:10'),(912,'Toula Jebbeh',19,'2014-02-01 10:23:10'),(913,'Zgharta',19,'2014-02-01 10:23:10'),(914,'Aita el-Zot',20,'2014-02-01 10:23:10'),(915,'Chacra',20,'2014-02-01 10:23:10'),(916,'Deir Antar',20,'2014-02-01 10:23:10'),(917,'Deir Kantar',20,'2014-02-01 10:23:10'),(918,'Doubiyeh',20,'2014-02-01 10:23:10'),(919,'Froun',20,'2014-02-01 10:23:10'),(920,'Ghandouriyeh',20,'2014-02-01 10:23:10'),(921,'Haddatha',20,'2014-02-01 10:23:10'),(922,'Haris',20,'2014-02-01 10:23:10'),(923,'Jmaijmeh',20,'2014-02-01 10:23:10'),(924,'Kafra',20,'2014-02-01 10:23:10'),(925,'Kfar Doubine',20,'2014-02-01 10:23:10'),(926,'Klaouiyeh',20,'2014-02-01 10:23:10'),(927,'Safad el-Batikh',20,'2014-02-01 10:23:10'),(928,'Sultanieh',20,'2014-02-01 10:23:10'),(929,'Tebnine',20,'2014-02-01 10:23:10'),(930,'Yater',20,'2014-02-01 10:23:10'),(931,'Kfeir',21,'2014-02-01 10:23:10'),(932,'Marj el-Zouhour',21,'2014-02-01 10:23:10'),(933,'Mimes',21,'2014-02-01 10:23:10'),(934,'Aitouli',22,'2014-02-01 10:23:10'),(935,'Choualik',22,'2014-02-01 10:23:10'),(936,'Hsanieh',22,'2014-02-01 10:23:10'),(937,'Jensnaya',22,'2014-02-01 10:23:10'),(938,'Jernaya',22,'2014-02-01 10:23:10'),(939,'Karkha',22,'2014-02-01 10:23:10'),(940,'Kfar Jarra',22,'2014-02-01 10:23:10'),(941,'Lebaa',22,'2014-02-01 10:23:10'),(942,'Mharabiyeh',22,'2014-02-01 10:23:10'),(943,'Mjeidel',22,'2014-02-01 10:23:10'),(944,'Mrah el-Hibas',22,'2014-02-01 10:23:10'),(945,'Wadi Baankoudine',22,'2014-02-01 10:23:10'),(946,'Wadi el-Laymoun',22,'2014-02-01 10:23:10'),(947,'Deir Mimas',23,'2014-02-01 10:23:10'),(948,'Jdeidet Marjeyoun',23,'2014-02-01 10:23:10'),(949,'Kab Rikha',23,'2014-02-01 10:23:10'),(950,'Majd el-Sel',23,'2014-02-01 10:23:10'),(951,'Rachaya el-Foukhar',23,'2014-02-01 10:23:10'),(952,'Souwaneh',23,'2014-02-01 10:23:10'),(953,'Touline',23,'2014-02-01 10:23:10'),(955,'Adchit',24,'2014-02-01 10:23:10'),(956,'Ain Boussouar',24,'2014-02-01 10:23:10'),(957,'Ain Qana',24,'2014-02-01 10:23:10'),(958,'Al Sharkiyeh',24,'2014-02-01 10:23:10'),(959,'Ansar',24,'2014-02-01 10:23:10'),(960,'Arab Salim',24,'2014-02-01 10:23:10'),(961,'Azzeh',24,'2014-02-01 10:23:10'),(962,'Charqiyeh',24,'2014-02-01 10:23:10'),(963,'Choukine',24,'2014-02-01 10:23:10'),(964,'Deir el-Zahrani',24,'2014-02-01 10:23:10'),(965,'Doueir',24,'2014-02-01 10:23:10'),(966,'Habbouche',24,'2014-02-01 10:23:10'),(967,'Harouf',24,'2014-02-01 10:23:10'),(968,'Houmine',24,'2014-02-01 10:23:10'),(969,'Jarjouh',24,'2014-02-01 10:23:10'),(970,'Jbaa',24,'2014-02-01 10:23:10'),(971,'Jeb Chite',24,'2014-02-01 10:23:10'),(972,'Kfar Fila',24,'2014-02-01 10:23:10'),(973,'Kfar Remmane',24,'2014-02-01 10:23:10'),(974,'Kfar Sir',24,'2014-02-01 10:23:11'),(975,'Kfar Tebnit',24,'2014-02-01 10:23:11'),(976,'Kfour',24,'2014-02-01 10:23:11'),(977,'Ksaybeh',24,'2014-02-01 10:23:11'),(978,'Mayfaidoun',24,'2014-02-01 10:23:11'),(979,'Nabatyeh',24,'2014-02-01 10:23:11'),(980,'Nemayreh',24,'2014-02-01 10:23:11'),(981,'Nmeiriyeh',24,'2014-02-01 10:23:11'),(982,'Qaaqayiet el-Jisr',24,'2014-02-01 10:23:11'),(983,'Qsaibeh',24,'2014-02-01 10:23:11'),(984,'Roumine',24,'2014-02-01 10:23:11'),(985,'Sarba',24,'2014-02-01 10:23:11'),(986,'Sarba',24,'2014-02-01 10:23:11'),(987,'Sinay',24,'2014-02-01 10:23:11'),(988,'Sir el-Gharibeh',24,'2014-02-01 10:23:11'),(989,'Zaoutar',24,'2014-02-01 10:23:11'),(990,'Zebdine',24,'2014-02-01 10:23:11'),(991,'Zefta',24,'2014-02-01 10:23:11'),(992,'Abra',25,'2014-02-01 10:23:11'),(993,'Addoussiyeh',25,'2014-02-01 10:23:11'),(994,'Adloun',25,'2014-02-01 10:23:11'),(995,'Ain el-Delb',25,'2014-02-01 10:23:11'),(996,'Aktanit',25,'2014-02-01 10:23:11'),(997,'Ankoune',25,'2014-02-01 10:23:11'),(998,'Anssarieh',25,'2014-02-01 10:23:11'),(999,'Arab el-Jal',25,'2014-02-01 10:23:11'),(1000,'Arkeh',25,'2014-02-01 10:23:11'),(1001,'Arzi',25,'2014-02-01 10:23:11'),(1002,'Derb el-Simme',25,'2014-02-01 10:23:11'),(1003,'Ghassaniyeh',25,'2014-02-01 10:23:11'),(1004,'Ghaziyeh',25,'2014-02-01 10:23:11'),(1005,'Hageh',25,'2014-02-01 10:23:11'),(1006,'Haret Saida',25,'2014-02-01 10:23:11'),(1007,'Hlaliyeh',25,'2014-02-01 10:23:11'),(1008,'Jenejleya',25,'2014-02-01 10:23:11'),(1010,'Kannarit',25,'2014-02-01 10:23:11'),(1011,'Kariyeh',25,'2014-02-01 10:23:11'),(1012,'Kawssariet Sayad',25,'2014-02-01 10:23:11'),(1013,'Kefraya',25,'2014-02-01 10:23:11'),(1014,'Kfar Bit',25,'2014-02-01 10:23:11'),(1015,'Kfar Chelal',25,'2014-02-01 10:23:11'),(1016,'Kfar Hitti',25,'2014-02-01 10:23:11'),(1017,'Kfar Melki',25,'2014-02-01 10:23:11'),(1018,'Kharayeb',25,'2014-02-01 10:23:11'),(1019,'Khartoum',25,'2014-02-01 10:23:11'),(1020,'Khazize',25,'2014-02-01 10:23:11'),(1021,'Knaytra',25,'2014-02-01 10:23:11'),(1022,'Loubiyeh',25,'2014-02-01 10:23:11'),(1023,'Maamariyeh',25,'2014-02-01 10:23:11'),(1024,'Maghdoucheh',25,'2014-02-01 10:23:11'),(1025,'Majd el-Youne',25,'2014-02-01 10:23:11'),(1026,'Marwaniyeh',25,'2014-02-01 10:23:11'),(1027,'MiyehWe Miyeh',25,'2014-02-01 10:23:11'),(1028,'Nejjariyeh',25,'2014-02-01 10:23:11'),(1029,'Saida',25,'2014-02-01 10:23:11'),(1030,'Saksakiyeh',25,'2014-02-01 10:23:11'),(1031,'Salhiyeh',25,'2014-02-01 10:23:11'),(1032,'Sarafande',25,'2014-02-01 10:23:11'),(1033,'Tabbaya',25,'2014-02-01 10:23:11'),(1034,'Tanbourite',25,'2014-02-01 10:23:11'),(1035,'Teffahta',25,'2014-02-01 10:23:11'),(1036,'Zeghdraya',25,'2014-02-01 10:23:11'),(1037,'Zitta',25,'2014-02-01 10:23:11'),(1038,'Zrariyeh',25,'2014-02-01 10:23:11'),(1039,'Abbassiyeh',26,'2014-02-01 10:23:11'),(1041,'Ain Ebel',26,'2014-02-01 10:23:11'),(1042,'Alma el-Chaab',26,'2014-02-01 10:23:11'),(1043,'Arzoune',26,'2014-02-01 10:23:11'),(1044,'Aytite',26,'2014-02-01 10:23:11'),(1045,'Chabiyeh',26,'2014-02-01 10:23:11'),(1046,'Chahour',26,'2014-02-01 10:23:11'),(1047,'Cheaytieh',26,'2014-02-01 10:23:11'),(1048,'Chehabiyeh',26,'2014-02-01 10:23:11'),(1050,'Deir Ames',26,'2014-02-01 10:23:11'),(1051,'Deir Dghaya',26,'2014-02-01 10:23:11'),(1052,'Deir Kanoun',26,'2014-02-01 10:23:12'),(1053,'Deir Kifa',26,'2014-02-01 10:23:12'),(1054,'Halloussiyeh',26,'2014-02-01 10:23:12'),(1055,'Haniyeh',26,'2014-02-01 10:23:12'),(1056,'Jbal Boutoum',26,'2014-02-01 10:23:12'),(1057,'Jouwaya',26,'2014-02-01 10:23:12'),(1058,'Klayleh',26,'2014-02-01 10:23:12'),(1059,'Maarakeh',26,'2014-02-01 10:23:12'),(1060,'Maaroub',26,'2014-02-01 10:23:12'),(1061,'Maarouf',26,'2014-02-01 10:23:12'),(1062,'Mahrouni',26,'2014-02-01 10:23:12'),(1063,'Majd el-Zoun',26,'2014-02-01 10:23:12'),(1064,'Malekyeh',26,'2014-02-01 10:23:12'),(1065,'Mansouri',26,'2014-02-01 10:23:12'),(1066,'Mazraat Mechref',26,'2014-02-01 10:23:12'),(1067,'Mjadel',26,'2014-02-01 10:23:12'),(1068,'Qana',26,'2014-02-01 10:23:12'),(1069,'Rachkananey',26,'2014-02-01 10:23:12'),(1070,'Ras el-Ain',26,'2014-02-01 10:23:12'),(1071,'Rmadiyeh',26,'2014-02-01 10:23:12'),(1072,'Sadikine',26,'2014-02-01 10:23:12'),(1074,'Smaeyeh',26,'2014-02-01 10:23:12'),(1075,'Sour',26,'2014-02-01 10:23:12'),(1076,'Srifa',26,'2014-02-01 10:23:12'),(1077,'Tayer Flisseh',26,'2014-02-01 10:23:12'),(1078,'Tayr Debba',26,'2014-02-01 10:23:12'),(1079,'Toura',26,'2014-02-01 10:23:12'),(1080,'Ynouh',26,'2014-02-01 10:23:12'),(1081,'Zabkine',26,'2014-02-01 10:23:12'),(1082,'Addoussiyeh',27,'2014-02-01 10:23:12'),(1083,'Adloun',27,'2014-02-01 10:23:12'),(1084,'Ain el-Delb',27,'2014-02-01 10:23:12'),(1085,'Al Saksakieh',27,'2014-02-01 10:23:12'),(1086,'Ankoun',27,'2014-02-01 10:23:12'),(1087,'Arzeh',27,'2014-02-01 10:23:12'),(1088,'Darbessim',27,'2014-02-01 10:23:12'),(1089,'Gharayeb',27,'2014-02-01 10:23:12'),(1090,'Ghassaniyeh',27,'2014-02-01 10:23:12'),(1091,'Ghaziyeh',27,'2014-02-01 10:23:12'),(1092,'Haret Saida',27,'2014-02-01 10:23:12'),(1093,'Hlaliyeh',27,'2014-02-01 10:23:12'),(1094,'Kfar Hatta',27,'2014-02-01 10:23:12'),(1095,'Kfar Melki',27,'2014-02-01 10:23:12'),(1096,'Krayyeh',27,'2014-02-01 10:23:12'),(1097,'Maamiriyeh',27,'2014-02-01 10:23:12'),(1098,'Majd el-Youne',27,'2014-02-01 10:23:12'),(1099,'Marwaniyeh',27,'2014-02-01 10:23:12'),(1100,'Miye We Miyeh',27,'2014-02-01 10:23:12'),(1101,'Salhiyeh',27,'2014-02-01 10:23:12'),(1102,'Sarafand',27,'2014-02-01 10:23:12'),(1103,'Teffahta',27,'2014-02-01 10:23:12'),(1104,'Zrariyeh',27,'2014-02-01 10:23:12');
/*!40000 ALTER TABLE `city` ENABLE KEYS */;
UNLOCK TABLES;

--
-- Table structure for table `class`
--

DROP TABLE IF EXISTS `class`;
/*!40101 SET @saved_cs_client     = @@character_set_client */;
/*!40101 SET character_set_client = utf8 */;
CREATE TABLE `class` (
  `class_id` int(11) NOT NULL AUTO_INCREMENT,
  `class_name` varchar(64) NOT NULL,
  `class_max_size` int(11) NOT NULL,
  `class_department_id` int(11) NOT NULL,
  `class_time_stamp` datetime NOT NULL,
  PRIMARY KEY (`class_id`),
  KEY `department_id_idx` (`class_department_id`),
  CONSTRAINT `class_department_id` FOREIGN KEY (`class_department_id`) REFERENCES `department` (`department_id`) ON UPDATE CASCADE
) ENGINE=InnoDB AUTO_INCREMENT=2 DEFAULT CHARSET=utf8;
/*!40101 SET character_set_client = @saved_cs_client */;

--
-- Dumping data for table `class`
--

LOCK TABLES `class` WRITE;
/*!40000 ALTER TABLE `class` DISABLE KEYS */;
INSERT INTO `class` VALUES (1,'S3 SG',40,5,'2014-02-26 13:59:15');
/*!40000 ALTER TABLE `class` ENABLE KEYS */;
UNLOCK TABLES;

--
-- Table structure for table `class_course`
--

DROP TABLE IF EXISTS `class_course`;
/*!40101 SET @saved_cs_client     = @@character_set_client */;
/*!40101 SET character_set_client = utf8 */;
CREATE TABLE `class_course` (
  `class_course_id` int(11) NOT NULL AUTO_INCREMENT,
  `class_course_class_id` int(11) NOT NULL,
  `class_course_course_id` int(11) NOT NULL,
  `class_course_coefficient` double NOT NULL,
  `class_course_order` int(11) DEFAULT NULL,
  `class_course_time_stamp` datetime NOT NULL,
  PRIMARY KEY (`class_course_id`),
  KEY `class_course_course_id_idx` (`class_course_course_id`),
  KEY `class_course_class_id_idx` (`class_course_class_id`),
  CONSTRAINT `class_course_class_id` FOREIGN KEY (`class_course_class_id`) REFERENCES `class` (`class_id`) ON UPDATE CASCADE,
  CONSTRAINT `class_course_course_id` FOREIGN KEY (`class_course_course_id`) REFERENCES `course` (`course_id`) ON UPDATE CASCADE
) ENGINE=InnoDB AUTO_INCREMENT=10 DEFAULT CHARSET=utf8;
/*!40101 SET character_set_client = @saved_cs_client */;

--
-- Dumping data for table `class_course`
--

LOCK TABLES `class_course` WRITE;
/*!40000 ALTER TABLE `class_course` DISABLE KEYS */;
INSERT INTO `class_course` VALUES (1,1,1,8,1,'2014-02-24 14:05:00'),(2,1,2,5.5,2,'2014-02-24 14:00:00'),(3,1,3,4,3,'2014-02-24 14:00:00'),(4,1,4,2.5,4,'2014-02-24 14:00:00'),(5,1,5,2,5,'2014-02-24 14:00:00'),(6,1,6,2,6,'2014-02-24 14:00:00'),(7,1,7,1.5,7,'2014-02-24 14:00:00'),(8,1,8,1.5,8,'2014-02-24 14:00:00'),(9,1,9,1.5,9,'2014-02-24 14:00:00');
/*!40000 ALTER TABLE `class_course` ENABLE KEYS */;
UNLOCK TABLES;

--
-- Table structure for table `course`
--

DROP TABLE IF EXISTS `course`;
/*!40101 SET @saved_cs_client     = @@character_set_client */;
/*!40101 SET character_set_client = utf8 */;
CREATE TABLE `course` (
  `course_id` int(11) NOT NULL AUTO_INCREMENT,
  `course_name` varchar(128) NOT NULL,
  `course_language_id` int(11) NOT NULL,
  `course_time_stamp` datetime NOT NULL,
  PRIMARY KEY (`course_id`),
  KEY `course_language_id_idx` (`course_language_id`),
  CONSTRAINT `course_language_id` FOREIGN KEY (`course_language_id`) REFERENCES `language` (`language_id`) ON UPDATE CASCADE
) ENGINE=InnoDB AUTO_INCREMENT=10 DEFAULT CHARSET=latin1;
/*!40101 SET character_set_client = @saved_cs_client */;

--
-- Dumping data for table `course`
--

LOCK TABLES `course` WRITE;
/*!40000 ALTER TABLE `course` DISABLE KEYS */;
INSERT INTO `course` VALUES (1,'Maths',2,'2014-02-24 14:00:00'),(2,'Physique',2,'2014-02-24 14:00:00'),(3,'Chimie',2,'2014-02-24 14:00:00'),(4,'Arabe',1,'2014-02-24 14:00:00'),(5,'Franais',2,'2014-02-24 14:00:00'),(6,'Philosophie',2,'2014-02-24 14:00:00'),(7,'Histoire',1,'2014-02-24 14:00:00'),(8,'Gographie',1,'2014-02-24 14:00:00'),(9,'Education civile',1,'2014-02-24 14:00:00');
/*!40000 ALTER TABLE `course` ENABLE KEYS */;
UNLOCK TABLES;

--
-- Table structure for table `department`
--

DROP TABLE IF EXISTS `department`;
/*!40101 SET @saved_cs_client     = @@character_set_client */;
/*!40101 SET character_set_client = utf8 */;
CREATE TABLE `department` (
  `department_id` int(11) NOT NULL AUTO_INCREMENT,
  `department_name` varchar(64) NOT NULL,
  `department_school_id` int(11) NOT NULL,
  `department_time_stamp` datetime NOT NULL,
  PRIMARY KEY (`department_id`),
  KEY `school_id_idx` (`department_school_id`),
  CONSTRAINT `department_school_id` FOREIGN KEY (`department_school_id`) REFERENCES `school` (`school_id`) ON UPDATE CASCADE
) ENGINE=InnoDB AUTO_INCREMENT=7 DEFAULT CHARSET=utf8;
/*!40101 SET character_set_client = @saved_cs_client */;

--
-- Dumping data for table `department`
--

LOCK TABLES `department` WRITE;
/*!40000 ALTER TABLE `department` DISABLE KEYS */;
INSERT INTO `department` VALUES (1,'Maternelle',1,'2014-02-26 13:59:05'),(2,'Primaire 1',1,'2014-02-26 13:59:05'),(3,'Primaire 2',1,'2014-02-26 13:59:05'),(4,'Complmentaire',1,'2014-02-26 13:59:05'),(5,'Secondaire ',1,'2014-02-26 13:59:05'),(6,'Technique',1,'2014-02-26 13:59:05');
/*!40000 ALTER TABLE `department` ENABLE KEYS */;
UNLOCK TABLES;

--
-- Table structure for table `district`
--

DROP TABLE IF EXISTS `district`;
/*!40101 SET @saved_cs_client     = @@character_set_client */;
/*!40101 SET character_set_client = utf8 */;
CREATE TABLE `district` (
  `district_id` int(11) NOT NULL AUTO_INCREMENT,
  `district_name` varchar(64) NOT NULL,
  `district_area_id` int(11) NOT NULL,
  `district_time_stamp` datetime NOT NULL,
  PRIMARY KEY (`district_id`),
  KEY `area_id_idx` (`district_area_id`),
  CONSTRAINT `district_area_id` FOREIGN KEY (`district_area_id`) REFERENCES `area` (`area_id`) ON UPDATE CASCADE
) ENGINE=InnoDB AUTO_INCREMENT=28 DEFAULT CHARSET=utf8;
/*!40101 SET character_set_client = @saved_cs_client */;

--
-- Dumping data for table `district`
--

LOCK TABLES `district` WRITE;
/*!40000 ALTER TABLE `district` DISABLE KEYS */;
INSERT INTO `district` VALUES (1,'Beirut',1,'2014-02-01 10:25:20'),(2,'Baalbeck',2,'2014-02-01 10:25:20'),(3,'Bekaa West',2,'2014-02-01 10:25:20'),(4,'Hermel',2,'2014-02-01 10:25:20'),(5,'Rachaya',2,'2014-02-01 10:25:20'),(6,'Zahleh',2,'2014-02-01 10:25:20'),(7,'Aley',3,'2014-02-01 10:25:20'),(8,'Baabda',3,'2014-02-01 10:25:20'),(9,'Chouf',3,'2014-02-01 10:25:20'),(10,'Jbeil',3,'2014-02-01 10:25:20'),(11,'Kesrwan',3,'2014-02-01 10:25:20'),(12,'Metn',3,'2014-02-01 10:25:20'),(13,'Akkar',4,'2014-02-01 10:25:20'),(14,'Batroun',4,'2014-02-01 10:25:20'),(15,'Becharreh',4,'2014-02-01 10:25:20'),(16,'Danniyeh',4,'2014-02-01 10:25:20'),(17,'Koura',4,'2014-02-01 10:25:20'),(18,'Tripoli',4,'2014-02-01 10:25:20'),(19,'Zgharta',4,'2014-02-01 10:25:20'),(20,'Bint Jbeil',5,'2014-02-01 10:25:20'),(21,'Hasbaya',5,'2014-02-01 10:25:20'),(22,'Jezzine',5,'2014-02-01 10:25:20'),(23,'Marjeyoun',5,'2014-02-01 10:25:20'),(24,'Nabatiyeh',5,'2014-02-01 10:25:20'),(25,'Saida',5,'2014-02-01 10:25:20'),(26,'Sour',5,'2014-02-01 10:25:20'),(27,'Zahrani',5,'2014-02-01 10:25:20');
/*!40000 ALTER TABLE `district` ENABLE KEYS */;
UNLOCK TABLES;

--
-- Table structure for table `exam`
--

DROP TABLE IF EXISTS `exam`;
/*!40101 SET @saved_cs_client     = @@character_set_client */;
/*!40101 SET character_set_client = utf8 */;
CREATE TABLE `exam` (
  `exam_id` int(11) NOT NULL AUTO_INCREMENT,
  `exam_name` varchar(45) NOT NULL,
  `exam_school_year_id` int(11) NOT NULL,
  `exam_time_stamp` varchar(45) NOT NULL,
  PRIMARY KEY (`exam_id`),
  KEY `exam_school_year_id_idx` (`exam_school_year_id`),
  CONSTRAINT `exam_school_year_id` FOREIGN KEY (`exam_school_year_id`) REFERENCES `school_year` (`school_year_id`) ON UPDATE CASCADE
) ENGINE=InnoDB AUTO_INCREMENT=2 DEFAULT CHARSET=utf8;
/*!40101 SET character_set_client = @saved_cs_client */;

--
-- Dumping data for table `exam`
--

LOCK TABLES `exam` WRITE;
/*!40000 ALTER TABLE `exam` DISABLE KEYS */;
INSERT INTO `exam` VALUES (1,'Exam I',1,'2014-02-24 14:00:00');
/*!40000 ALTER TABLE `exam` ENABLE KEYS */;
UNLOCK TABLES;

--
-- Table structure for table `family`
--

DROP TABLE IF EXISTS `family`;
/*!40101 SET @saved_cs_client     = @@character_set_client */;
/*!40101 SET character_set_client = utf8 */;
CREATE TABLE `family` (
  `family_id` int(11) NOT NULL AUTO_INCREMENT,
  `family_name` varchar(45) NOT NULL,
  `family_father_id` int(11) NOT NULL,
  `family_mother_id` int(11) NOT NULL,
  `family_marital_status_id` int(11) NOT NULL,
  `family_address_id_1` int(11) DEFAULT NULL,
  `family_address_id_2` int(11) DEFAULT NULL,
  `family_time_stamp` datetime NOT NULL,
  PRIMARY KEY (`family_id`),
  KEY `family_father_id_idx` (`family_father_id`),
  KEY `family_mother_id_idx` (`family_mother_id`),
  KEY `family_marital_status_id_idx` (`family_marital_status_id`),
  KEY `family_address_id_1_idx` (`family_address_id_1`),
  KEY `family_address_id_2_idx` (`family_address_id_2`),
  CONSTRAINT `family_address_id_1` FOREIGN KEY (`family_address_id_1`) REFERENCES `address` (`address_id`) ON UPDATE CASCADE,
  CONSTRAINT `family_address_id_2` FOREIGN KEY (`family_address_id_2`) REFERENCES `address` (`address_id`) ON UPDATE CASCADE,
  CONSTRAINT `family_father_id` FOREIGN KEY (`family_father_id`) REFERENCES `person` (`person_id`) ON UPDATE CASCADE,
  CONSTRAINT `family_marital_status_id` FOREIGN KEY (`family_marital_status_id`) REFERENCES `marital_status` (`marital_status_id`) ON UPDATE CASCADE,
  CONSTRAINT `family_mother_id` FOREIGN KEY (`family_mother_id`) REFERENCES `person` (`person_id`) ON UPDATE CASCADE
) ENGINE=InnoDB AUTO_INCREMENT=2 DEFAULT CHARSET=utf8;
/*!40101 SET character_set_client = @saved_cs_client */;

--
-- Dumping data for table `family`
--

LOCK TABLES `family` WRITE;
/*!40000 ALTER TABLE `family` DISABLE KEYS */;
INSERT INTO `family` VALUES (1,'KOZHAYA',2,3,3,NULL,NULL,'2014-02-24 14:10:00');
/*!40000 ALTER TABLE `family` ENABLE KEYS */;
UNLOCK TABLES;

--
-- Table structure for table `grade`
--

DROP TABLE IF EXISTS `grade`;
/*!40101 SET @saved_cs_client     = @@character_set_client */;
/*!40101 SET character_set_client = utf8 */;
CREATE TABLE `grade` (
  `grade_id` int(11) NOT NULL AUTO_INCREMENT,
  `grade_student_id` int(11) NOT NULL,
  `grade_class_course_id` int(11) NOT NULL,
  `grade_exam_id` int(11) NOT NULL,
  `grade_value` double NOT NULL,
  `grade_order` int(11) DEFAULT NULL,
  `grade_time_stamp` datetime NOT NULL,
  PRIMARY KEY (`grade_id`),
  KEY `grade_student_id_idx` (`grade_student_id`),
  KEY `grade_class_course_id_idx` (`grade_class_course_id`),
  KEY `grade_exam_id_idx` (`grade_exam_id`),
  CONSTRAINT `grade_class_course_id` FOREIGN KEY (`grade_class_course_id`) REFERENCES `class_course` (`class_course_id`) ON UPDATE CASCADE,
  CONSTRAINT `grade_exam_id` FOREIGN KEY (`grade_exam_id`) REFERENCES `exam` (`exam_id`) ON UPDATE CASCADE,
  CONSTRAINT `grade_student_id` FOREIGN KEY (`grade_student_id`) REFERENCES `student` (`student_id`) ON UPDATE CASCADE
) ENGINE=InnoDB AUTO_INCREMENT=55 DEFAULT CHARSET=utf8;
/*!40101 SET character_set_client = @saved_cs_client */;

--
-- Dumping data for table `grade`
--

LOCK TABLES `grade` WRITE;
/*!40000 ALTER TABLE `grade` DISABLE KEYS */;
INSERT INTO `grade` VALUES (46,1,1,1,16,1,'2014-02-24 14:10:00'),(47,1,2,1,14,2,'2014-02-24 14:10:00'),(48,1,3,1,14.5,3,'2014-02-24 14:10:00'),(49,1,4,1,9.5,4,'2014-02-24 14:10:00'),(50,1,5,1,8,5,'2014-02-24 14:10:00'),(51,1,6,1,10,6,'2014-02-24 14:10:00'),(52,1,7,1,19,7,'2014-02-24 14:10:00'),(53,1,8,1,13.25,8,'2014-02-24 14:10:00'),(54,1,9,1,12.75,9,'2014-02-24 14:10:00');
/*!40000 ALTER TABLE `grade` ENABLE KEYS */;
UNLOCK TABLES;

--
-- Table structure for table `language`
--

DROP TABLE IF EXISTS `language`;
/*!40101 SET @saved_cs_client     = @@character_set_client */;
/*!40101 SET character_set_client = utf8 */;
CREATE TABLE `language` (
  `language_id` int(11) NOT NULL AUTO_INCREMENT,
  `language_name` varchar(45) DEFAULT NULL,
  `language_time_stamp` datetime DEFAULT NULL,
  PRIMARY KEY (`language_id`)
) ENGINE=InnoDB AUTO_INCREMENT=4 DEFAULT CHARSET=utf8;
/*!40101 SET character_set_client = @saved_cs_client */;

--
-- Dumping data for table `language`
--

LOCK TABLES `language` WRITE;
/*!40000 ALTER TABLE `language` DISABLE KEYS */;
INSERT INTO `language` VALUES (1,'Arabic','2014-02-24 14:00:00'),(2,'Francais','2014-02-24 14:00:00'),(3,'Anglais','2014-02-24 14:00:00');
/*!40000 ALTER TABLE `language` ENABLE KEYS */;
UNLOCK TABLES;

--
-- Table structure for table `marital_status`
--

DROP TABLE IF EXISTS `marital_status`;
/*!40101 SET @saved_cs_client     = @@character_set_client */;
/*!40101 SET character_set_client = utf8 */;
CREATE TABLE `marital_status` (
  `marital_status_id` int(11) NOT NULL AUTO_INCREMENT,
  `marital_status_name` varchar(64) NOT NULL,
  `marital_status_code` varchar(45) NOT NULL,
  `marital_status_time_stamp` datetime NOT NULL,
  PRIMARY KEY (`marital_status_id`)
) ENGINE=InnoDB AUTO_INCREMENT=8 DEFAULT CHARSET=latin1;
/*!40101 SET character_set_client = @saved_cs_client */;

--
-- Dumping data for table `marital_status`
--

LOCK TABLES `marital_status` WRITE;
/*!40000 ALTER TABLE `marital_status` DISABLE KEYS */;
INSERT INTO `marital_status` VALUES (1,'Married','M','2014-02-24 14:10:00'),(2,'Single','S','2014-02-24 14:10:00'),(3,'Divorced','D','2014-02-24 14:10:00'),(4,'Windowed','W','2014-02-24 14:10:00'),(5,'Separated','P','2014-02-24 14:10:00'),(6,'Correction','C','2014-02-24 14:10:00'),(7,'Domestic Partner','DP','2014-02-24 14:10:00');
/*!40000 ALTER TABLE `marital_status` ENABLE KEYS */;
UNLOCK TABLES;

--
-- Table structure for table `person`
--

DROP TABLE IF EXISTS `person`;
/*!40101 SET @saved_cs_client     = @@character_set_client */;
/*!40101 SET character_set_client = utf8 */;
CREATE TABLE `person` (
  `person_id` int(11) NOT NULL AUTO_INCREMENT,
  `pernon_first_name` varchar(45) NOT NULL,
  `person_last_name` varchar(45) NOT NULL,
  `person_father_name` varchar(45) NOT NULL,
  `person_mother_name` varchar(45) NOT NULL,
  `person_dob` date NOT NULL,
  `person_gender` int(11) NOT NULL,
  `person_email` varchar(45) DEFAULT NULL,
  `person_phone_1` varchar(45) DEFAULT NULL,
  `person_phone_2` varchar(45) DEFAULT NULL,
  `person_phone_3` varchar(45) DEFAULT NULL,
  `person_address_id_1` int(11) DEFAULT NULL,
  `person_address_id_2` int(11) DEFAULT NULL,
  `person_blood_group_id` int(11) DEFAULT NULL,
  `person_time_stamp` datetime NOT NULL,
  PRIMARY KEY (`person_id`),
  KEY `address_id_1_idx` (`person_address_id_1`),
  KEY `address_id_2_idx` (`person_address_id_2`),
  KEY `person_blood_group_idx` (`person_blood_group_id`),
  CONSTRAINT `person_address_id_1` FOREIGN KEY (`person_address_id_1`) REFERENCES `address` (`address_id`) ON UPDATE CASCADE,
  CONSTRAINT `person_address_id_2` FOREIGN KEY (`person_address_id_2`) REFERENCES `address` (`address_id`) ON UPDATE CASCADE,
  CONSTRAINT `person_blood_group` FOREIGN KEY (`person_blood_group_id`) REFERENCES `blood_group` (`blood_group_id`) ON UPDATE CASCADE
) ENGINE=InnoDB AUTO_INCREMENT=4 DEFAULT CHARSET=utf8;
/*!40101 SET character_set_client = @saved_cs_client */;

--
-- Dumping data for table `person`
--

LOCK TABLES `person` WRITE;
/*!40000 ALTER TABLE `person` DISABLE KEYS */;
INSERT INTO `person` VALUES (1,'Henry','Kozhaya','Peter','Anahid Lepejian','1989-04-23',1,'henry.kozhaya@gmail.com','96170500560',NULL,NULL,NULL,NULL,1,'2014-02-26 13:54:00'),(2,'Peter','Kozhaya','Nemer','Eugini Henoud','1962-02-16',1,'peterko62@live.com','96170119356',NULL,NULL,NULL,NULL,NULL,'2014-02-26 14:26:00'),(3,'Anahid','Lepejian','Varujan','Verjine Akarjalian','1966-11-28',0,'anahidlepejian@hotmail.com',NULL,NULL,NULL,NULL,NULL,4,'2014-02-26 14:27:00');
/*!40000 ALTER TABLE `person` ENABLE KEYS */;
UNLOCK TABLES;

--
-- Table structure for table `role`
--

DROP TABLE IF EXISTS `role`;
/*!40101 SET @saved_cs_client     = @@character_set_client */;
/*!40101 SET character_set_client = utf8 */;
CREATE TABLE `role` (
  `role_id` int(11) NOT NULL AUTO_INCREMENT,
  `role_name` varchar(45) DEFAULT NULL,
  `role_time_stamp` datetime DEFAULT NULL,
  PRIMARY KEY (`role_id`)
) ENGINE=InnoDB AUTO_INCREMENT=2 DEFAULT CHARSET=utf8;
/*!40101 SET character_set_client = @saved_cs_client */;

--
-- Dumping data for table `role`
--

LOCK TABLES `role` WRITE;
/*!40000 ALTER TABLE `role` DISABLE KEYS */;
INSERT INTO `role` VALUES (1,'Administrator','2014-02-26 14:36:00');
/*!40000 ALTER TABLE `role` ENABLE KEYS */;
UNLOCK TABLES;

--
-- Table structure for table `school`
--

DROP TABLE IF EXISTS `school`;
/*!40101 SET @saved_cs_client     = @@character_set_client */;
/*!40101 SET character_set_client = utf8 */;
CREATE TABLE `school` (
  `school_id` int(11) NOT NULL AUTO_INCREMENT,
  `school_name` varchar(128) NOT NULL,
  `school_city_id` int(11) NOT NULL,
  `school_time_stamp` datetime NOT NULL,
  PRIMARY KEY (`school_id`),
  KEY `city_id_idx` (`school_city_id`),
  CONSTRAINT `school_city_id` FOREIGN KEY (`school_city_id`) REFERENCES `city` (`city_id`) ON UPDATE CASCADE
) ENGINE=InnoDB AUTO_INCREMENT=2 DEFAULT CHARSET=utf8;
/*!40101 SET character_set_client = @saved_cs_client */;

--
-- Dumping data for table `school`
--

LOCK TABLES `school` WRITE;
/*!40000 ALTER TABLE `school` DISABLE KEYS */;
INSERT INTO `school` VALUES (1,'Ecole Sainte-Louise',441,'2014-02-26 13:56:30');
/*!40000 ALTER TABLE `school` ENABLE KEYS */;
UNLOCK TABLES;

--
-- Table structure for table `school_year`
--

DROP TABLE IF EXISTS `school_year`;
/*!40101 SET @saved_cs_client     = @@character_set_client */;
/*!40101 SET character_set_client = utf8 */;
CREATE TABLE `school_year` (
  `school_year_id` int(11) NOT NULL AUTO_INCREMENT,
  `school_year_name` varchar(16) NOT NULL,
  `school_year_start_date` date NOT NULL,
  `school_year_end_date` date NOT NULL,
  `school_year_time_stamp` datetime NOT NULL,
  PRIMARY KEY (`school_year_id`)
) ENGINE=InnoDB AUTO_INCREMENT=3 DEFAULT CHARSET=latin1;
/*!40101 SET character_set_client = @saved_cs_client */;

--
-- Dumping data for table `school_year`
--

LOCK TABLES `school_year` WRITE;
/*!40000 ALTER TABLE `school_year` DISABLE KEYS */;
INSERT INTO `school_year` VALUES (1,'2013 - 2014','2013-09-23','2014-07-27','2014-02-24 14:10:00'),(2,'2014 - 2015','2014-09-23','2015-07-27','2014-02-24 14:10:00');
/*!40000 ALTER TABLE `school_year` ENABLE KEYS */;
UNLOCK TABLES;

--
-- Table structure for table `student`
--

DROP TABLE IF EXISTS `student`;
/*!40101 SET @saved_cs_client     = @@character_set_client */;
/*!40101 SET character_set_client = utf8 */;
CREATE TABLE `student` (
  `student_id` int(11) NOT NULL AUTO_INCREMENT,
  `student_person_id` int(11) NOT NULL,
  `student_family_id` int(11) NOT NULL,
  `student_time_stamp` datetime NOT NULL,
  PRIMARY KEY (`student_id`),
  KEY `student_person_id_idx` (`student_person_id`),
  KEY `student_family_id_idx` (`student_family_id`),
  CONSTRAINT `student_family_id` FOREIGN KEY (`student_family_id`) REFERENCES `family` (`family_id`) ON UPDATE CASCADE,
  CONSTRAINT `student_person_id` FOREIGN KEY (`student_person_id`) REFERENCES `person` (`person_id`) ON UPDATE CASCADE
) ENGINE=InnoDB AUTO_INCREMENT=2 DEFAULT CHARSET=utf8;
/*!40101 SET character_set_client = @saved_cs_client */;

--
-- Dumping data for table `student`
--

LOCK TABLES `student` WRITE;
/*!40000 ALTER TABLE `student` DISABLE KEYS */;
INSERT INTO `student` VALUES (1,1,1,'2014-02-24 14:10:00');
/*!40000 ALTER TABLE `student` ENABLE KEYS */;
UNLOCK TABLES;

--
-- Table structure for table `student_class`
--

DROP TABLE IF EXISTS `student_class`;
/*!40101 SET @saved_cs_client     = @@character_set_client */;
/*!40101 SET character_set_client = utf8 */;
CREATE TABLE `student_class` (
  `student_class_id` int(11) NOT NULL AUTO_INCREMENT,
  `student_class_student_id` int(11) NOT NULL,
  `student_class_class_id` int(11) NOT NULL,
  `student_class_school_year_id` int(11) NOT NULL,
  `student_class_time_stamp` datetime NOT NULL,
  PRIMARY KEY (`student_class_id`),
  KEY `student_class_student_id_idx` (`student_class_student_id`),
  KEY `student_class_class_id_idx` (`student_class_class_id`),
  KEY `student_class_school_year_id_idx` (`student_class_school_year_id`),
  CONSTRAINT `student_class_class_id` FOREIGN KEY (`student_class_class_id`) REFERENCES `class` (`class_id`) ON UPDATE CASCADE,
  CONSTRAINT `student_class_school_year_id` FOREIGN KEY (`student_class_school_year_id`) REFERENCES `school_year` (`school_year_id`) ON UPDATE CASCADE,
  CONSTRAINT `student_class_student_id` FOREIGN KEY (`student_class_student_id`) REFERENCES `student` (`student_id`) ON UPDATE CASCADE
) ENGINE=InnoDB AUTO_INCREMENT=2 DEFAULT CHARSET=utf8;
/*!40101 SET character_set_client = @saved_cs_client */;

--
-- Dumping data for table `student_class`
--

LOCK TABLES `student_class` WRITE;
/*!40000 ALTER TABLE `student_class` DISABLE KEYS */;
INSERT INTO `student_class` VALUES (1,1,1,1,'2014-03-02 14:48:33');
/*!40000 ALTER TABLE `student_class` ENABLE KEYS */;
UNLOCK TABLES;

--
-- Table structure for table `teacher`
--

DROP TABLE IF EXISTS `teacher`;
/*!40101 SET @saved_cs_client     = @@character_set_client */;
/*!40101 SET character_set_client = utf8 */;
CREATE TABLE `teacher` (
  `teacher_id` int(11) NOT NULL,
  `teacher_person_id` int(11) NOT NULL,
  `teacher_legal_type` varchar(45) NOT NULL,
  `teacher_current_salary` varchar(45) NOT NULL,
  `teacher_time_stamp` datetime NOT NULL,
  PRIMARY KEY (`teacher_id`),
  KEY `teacher_person_id_idx` (`teacher_person_id`),
  CONSTRAINT `teacher_person_id` FOREIGN KEY (`teacher_person_id`) REFERENCES `person` (`person_id`) ON UPDATE CASCADE
) ENGINE=InnoDB DEFAULT CHARSET=utf8;
/*!40101 SET character_set_client = @saved_cs_client */;

--
-- Dumping data for table `teacher`
--

LOCK TABLES `teacher` WRITE;
/*!40000 ALTER TABLE `teacher` DISABLE KEYS */;
/*!40000 ALTER TABLE `teacher` ENABLE KEYS */;
UNLOCK TABLES;

--
-- Table structure for table `teacher_class_course`
--

DROP TABLE IF EXISTS `teacher_class_course`;
/*!40101 SET @saved_cs_client     = @@character_set_client */;
/*!40101 SET character_set_client = utf8 */;
CREATE TABLE `teacher_class_course` (
  `teacher_class_course_id` int(11) NOT NULL AUTO_INCREMENT,
  `teacher_class_course_teacher_id` int(11) NOT NULL,
  `teacher_class_course_class_course_id` int(11) NOT NULL,
  `teacher_class_course_schoold_year_id` int(11) NOT NULL,
  `teacher_class_course_time_stamp` datetime NOT NULL,
  PRIMARY KEY (`teacher_class_course_id`),
  KEY `teacher_class_course_class_course_id_idx` (`teacher_class_course_class_course_id`),
  KEY `teacher_class_course_class_teacher_id_idx` (`teacher_class_course_teacher_id`),
  KEY `teacher_class_course_school_year_id_idx` (`teacher_class_course_schoold_year_id`),
  CONSTRAINT `teacher_class_course_class_course_id` FOREIGN KEY (`teacher_class_course_class_course_id`) REFERENCES `class_course` (`class_course_id`) ON UPDATE CASCADE,
  CONSTRAINT `teacher_class_course_class_teacher_id` FOREIGN KEY (`teacher_class_course_teacher_id`) REFERENCES `teacher` (`teacher_id`) ON UPDATE CASCADE,
  CONSTRAINT `teacher_class_course_school_year_id` FOREIGN KEY (`teacher_class_course_schoold_year_id`) REFERENCES `school_year` (`school_year_id`) ON UPDATE CASCADE
) ENGINE=InnoDB DEFAULT CHARSET=utf8;
/*!40101 SET character_set_client = @saved_cs_client */;

--
-- Dumping data for table `teacher_class_course`
--

LOCK TABLES `teacher_class_course` WRITE;
/*!40000 ALTER TABLE `teacher_class_course` DISABLE KEYS */;
/*!40000 ALTER TABLE `teacher_class_course` ENABLE KEYS */;
UNLOCK TABLES;

--
-- Table structure for table `user`
--

DROP TABLE IF EXISTS `user`;
/*!40101 SET @saved_cs_client     = @@character_set_client */;
/*!40101 SET character_set_client = utf8 */;
CREATE TABLE `user` (
  `user_id` int(11) NOT NULL AUTO_INCREMENT,
  `user_name` varchar(45) DEFAULT NULL,
  `user_username` varchar(45) NOT NULL,
  `user_password` varchar(256) NOT NULL,
  `user_last_login` datetime DEFAULT NULL,
  `user_time_stamp` datetime DEFAULT NULL,
  PRIMARY KEY (`user_id`),
  UNIQUE KEY `user_username_UNIQUE` (`user_username`)
) ENGINE=InnoDB AUTO_INCREMENT=2 DEFAULT CHARSET=utf8;
/*!40101 SET character_set_client = @saved_cs_client */;

--
-- Dumping data for table `user`
--

LOCK TABLES `user` WRITE;
/*!40000 ALTER TABLE `user` DISABLE KEYS */;
INSERT INTO `user` VALUES (1,'Henry Kozhaya','henryko','68d309812548887400e375eaa036d2f1','2014-02-26 14:37:38','2014-02-26 14:37:38');
/*!40000 ALTER TABLE `user` ENABLE KEYS */;
UNLOCK TABLES;

--
-- Table structure for table `user_role`
--

DROP TABLE IF EXISTS `user_role`;
/*!40101 SET @saved_cs_client     = @@character_set_client */;
/*!40101 SET character_set_client = utf8 */;
CREATE TABLE `user_role` (
  `user_role_id` int(11) NOT NULL AUTO_INCREMENT,
  `user_role_user_id` int(11) NOT NULL,
  `user_role_role_id` int(11) NOT NULL,
  `user_role_time_stamp` datetime NOT NULL,
  PRIMARY KEY (`user_role_id`),
  KEY `user_role_user_id_idx` (`user_role_user_id`),
  KEY `user_role_role_id_idx` (`user_role_role_id`),
  CONSTRAINT `user_role_role_id` FOREIGN KEY (`user_role_role_id`) REFERENCES `role` (`role_id`) ON UPDATE CASCADE,
  CONSTRAINT `user_role_user_id` FOREIGN KEY (`user_role_user_id`) REFERENCES `user` (`user_id`) ON UPDATE CASCADE
) ENGINE=InnoDB AUTO_INCREMENT=2 DEFAULT CHARSET=utf8;
/*!40101 SET character_set_client = @saved_cs_client */;

--
-- Dumping data for table `user_role`
--

LOCK TABLES `user_role` WRITE;
/*!40000 ALTER TABLE `user_role` DISABLE KEYS */;
INSERT INTO `user_role` VALUES (1,1,1,'2014-02-26 14:38:00');
/*!40000 ALTER TABLE `user_role` ENABLE KEYS */;
UNLOCK TABLES;
/*!40103 SET TIME_ZONE=@OLD_TIME_ZONE */;

/*!40101 SET SQL_MODE=@OLD_SQL_MODE */;
/*!40014 SET FOREIGN_KEY_CHECKS=@OLD_FOREIGN_KEY_CHECKS */;
/*!40014 SET UNIQUE_CHECKS=@OLD_UNIQUE_CHECKS */;
/*!40101 SET CHARACTER_SET_CLIENT=@OLD_CHARACTER_SET_CLIENT */;
/*!40101 SET CHARACTER_SET_RESULTS=@OLD_CHARACTER_SET_RESULTS */;
/*!40101 SET COLLATION_CONNECTION=@OLD_COLLATION_CONNECTION */;
/*!40111 SET SQL_NOTES=@OLD_SQL_NOTES */;

-- Dump completed on 2014-03-02 16:55:22
